checking_account_status,duration_months,credit_history,purpose,credit_amount,savings_account,present_employment_since,installment_rate,personal_status_sex,other_debtors,present_residence_since,property,age,other_installment_plans,housing,num_existing_credits,job,num_dependents,telephone,foreign_worker,credit_risk
< 0 DM,6,Cuenta crítica / Otros créditos,Radio/TV,1169,Desconocido / Sin ahorros,>= 7 años,4,Hombre: soltero,Ninguno,4,Bienes raíces,67,Ninguno,Propia,2,Empleado calificado / oficial,1,Sí,Sí,Buen Pagador
0 - 200 DM,48,Créditos existentes pagados hasta ahora,Radio/TV,5951,< 100 DM,1 - 4 años,2,Mujer: divorciada/separada/casada,Ninguno,2,Bienes raíces,22,Ninguno,Propia,1,Empleado calificado / oficial,1,No,Sí,Mal Pagador
Sin cuenta,12,Cuenta crítica / Otros créditos,Educación,2096,< 100 DM,4 - 7 años,2,Hombre: soltero,Ninguno,3,Bienes raíces,49,Ninguno,Propia,1,No calificado - residente,2,No,Sí,Buen Pagador
< 0 DM,42,Créditos existentes pagados hasta ahora,Muebles/Equipo,7882,< 100 DM,4 - 7 años,2,Hombre: soltero,Garante,4,Seguro de vida / Ahorro para vivienda,45,Ninguno,Gratis,1,Empleado calificado / oficial,2,No,Sí,Buen Pagador
< 0 DM,24,Retraso en pagos en el pasado,Auto (nuevo),4870,< 100 DM,1 - 4 años,3,Hombre: soltero,Ninguno,4,Desconocido / Sin propiedad,53,Ninguno,Gratis,2,Empleado calificado / oficial,2,No,Sí,Mal Pagador
Sin cuenta,36,Créditos existentes pagados hasta ahora,Educación,9055,Desconocido / Sin ahorros,1 - 4 años,2,Hombre: soltero,Ninguno,4,Desconocido / Sin propiedad,35,Ninguno,Gratis,1,No calificado - residente,2,Sí,Sí,Buen Pagador
Sin cuenta,24,Créditos existentes pagados hasta ahora,Muebles/Equipo,2835,500 - 1000 DM,>= 7 años,3,Hombre: soltero,Ninguno,4,Seguro de vida / Ahorro para vivienda,53,Ninguno,Propia,1,Empleado calificado / oficial,1,No,Sí,Buen Pagador
0 - 200 DM,36,Créditos existentes pagados hasta ahora,Auto (usado),6948,< 100 DM,1 - 4 años,2,Hombre: soltero,Ninguno,2,Auto u otro,35,Ninguno,Alquiler,1,Gerencia / Autoempleado / Altamente calificado,1,Sí,Sí,Buen Pagador
Sin cuenta,12,Créditos existentes pagados hasta ahora,Radio/TV,3059,>= 1000 DM,4 - 7 años,2,Hombre: divorciado/separado,Ninguno,4,Bienes raíces,61,Ninguno,Propia,1,No calificado - residente,1,No,Sí,Buen Pagador
0 - 200 DM,30,Cuenta crítica / Otros créditos,Auto (nuevo),5234,< 100 DM,Desempleado,4,Hombre: casado/viudo,Ninguno,2,Auto u otro,28,Ninguno,Propia,2,Gerencia / Autoempleado / Altamente calificado,1,No,Sí,Mal Pagador
0 - 200 DM,12,Créditos existentes pagados hasta ahora,Auto (nuevo),1295,< 100 DM,< 1 año,3,Mujer: divorciada/separada/casada,Ninguno,1,Auto u otro,25,Ninguno,Alquiler,1,Empleado calificado / oficial,1,No,Sí,Mal Pagador
< 0 DM,48,Créditos existentes pagados hasta ahora,Negocios,4308,< 100 DM,< 1 año,3,Mujer: divorciada/separada/casada,Ninguno,4,Seguro de vida / Ahorro para vivienda,24,Ninguno,Alquiler,1,Empleado calificado / oficial,1,No,Sí,Mal Pagador
0 - 200 DM,12,Créditos existentes pagados hasta ahora,Radio/TV,1567,< 100 DM,1 - 4 años,1,Mujer: divorciada/separada/casada,Ninguno,1,Auto u otro,22,Ninguno,Propia,1,Empleado calificado / oficial,1,Sí,Sí,Buen Pagador
< 0 DM,24,Cuenta crítica / Otros créditos,Auto (nuevo),1199,< 100 DM,>= 7 años,4,Hombre: soltero,Ninguno,4,Auto u otro,60,Ninguno,Propia,2,No calificado - residente,1,No,Sí,Mal Pagador
< 0 DM,15,Créditos existentes pagados hasta ahora,Auto (nuevo),1403,< 100 DM,1 - 4 años,2,Mujer: divorciada/separada/casada,Ninguno,4,Auto u otro,28,Ninguno,Alquiler,1,Empleado calificado / oficial,1,No,Sí,Buen Pagador
< 0 DM,24,Créditos existentes pagados hasta ahora,Radio/TV,1282,100 - 500 DM,1 - 4 años,4,Mujer: divorciada/separada/casada,Ninguno,2,Auto u otro,32,Ninguno,Propia,1,No calificado - residente,1,No,Sí,Mal Pagador
Sin cuenta,24,Cuenta crítica / Otros créditos,Radio/TV,2424,Desconocido / Sin ahorros,>= 7 años,4,Hombre: soltero,Ninguno,4,Seguro de vida / Ahorro para vivienda,53,Ninguno,Propia,2,Empleado calificado / oficial,1,No,Sí,Buen Pagador
< 0 DM,30,Sin créditos / Todos pagados,Negocios,8072,Desconocido / Sin ahorros,< 1 año,2,Hombre: soltero,Ninguno,3,Auto u otro,25,Banco,Propia,3,Empleado calificado / oficial,1,No,Sí,Buen Pagador
0 - 200 DM,24,Créditos existentes pagados hasta ahora,Auto (usado),12579,< 100 DM,>= 7 años,4,Mujer: divorciada/separada/casada,Ninguno,2,Desconocido / Sin propiedad,44,Ninguno,Gratis,1,Gerencia / Autoempleado / Altamente calificado,1,Sí,Sí,Mal Pagador
Sin cuenta,24,Créditos existentes pagados hasta ahora,Radio/TV,3430,500 - 1000 DM,>= 7 años,3,Hombre: soltero,Ninguno,2,Auto u otro,31,Ninguno,Propia,1,Empleado calificado / oficial,2,Sí,Sí,Buen Pagador
Sin cuenta,9,Cuenta crítica / Otros créditos,Auto (nuevo),2134,< 100 DM,1 - 4 años,4,Hombre: soltero,Ninguno,4,Auto u otro,48,Ninguno,Propia,3,Empleado calificado / oficial,1,Sí,Sí,Buen Pagador
< 0 DM,6,Créditos existentes pagados hasta ahora,Radio/TV,2647,500 - 1000 DM,1 - 4 años,2,Hombre: soltero,Ninguno,3,Bienes raíces,44,Ninguno,Alquiler,1,Empleado calificado / oficial,2,No,Sí,Buen Pagador
< 0 DM,10,Cuenta crítica / Otros créditos,Auto (nuevo),2241,< 100 DM,< 1 año,1,Hombre: soltero,Ninguno,3,Bienes raíces,48,Ninguno,Alquiler,2,No calificado - residente,2,No,No,Buen Pagador
0 - 200 DM,12,Cuenta crítica / Otros créditos,Auto (usado),1804,100 - 500 DM,< 1 año,3,Hombre: soltero,Ninguno,4,Seguro de vida / Ahorro para vivienda,44,Ninguno,Propia,1,Empleado calificado / oficial,1,No,Sí,Buen Pagador
Sin cuenta,10,Cuenta crítica / Otros créditos,Muebles/Equipo,2069,Desconocido / Sin ahorros,1 - 4 años,2,Hombre: casado/viudo,Ninguno,1,Auto u otro,26,Ninguno,Propia,2,Empleado calificado / oficial,1,No,No,Buen Pagador
< 0 DM,6,Créditos existentes pagados hasta ahora,Muebles/Equipo,1374,< 100 DM,1 - 4 años,1,Hombre: soltero,Ninguno,2,Bienes raíces,36,Banco,Propia,1,No calificado - residente,1,Sí,Sí,Buen Pagador
Sin cuenta,6,Sin créditos / Todos pagados,Radio/TV,426,< 100 DM,>= 7 años,4,Hombre: casado/viudo,Ninguno,4,Auto u otro,39,Ninguno,Propia,1,No calificado - residente,1,No,Sí,Buen Pagador
>= 200 DM,12,Todos los créditos en este banco pagados,Radio/TV,409,>= 1000 DM,1 - 4 años,3,Mujer: divorciada/separada/casada,Ninguno,3,Bienes raíces,42,Ninguno,Alquiler,2,Empleado calificado / oficial,1,No,Sí,Buen Pagador
0 - 200 DM,7,Créditos existentes pagados hasta ahora,Radio/TV,2415,< 100 DM,1 - 4 años,3,Hombre: soltero,Garante,2,Bienes raíces,34,Ninguno,Propia,1,Empleado calificado / oficial,1,No,Sí,Buen Pagador
< 0 DM,60,Retraso en pagos en el pasado,Negocios,6836,< 100 DM,>= 7 años,3,Hombre: soltero,Ninguno,4,Desconocido / Sin propiedad,63,Ninguno,Propia,2,Empleado calificado / oficial,1,Sí,Sí,Mal Pagador
0 - 200 DM,18,Créditos existentes pagados hasta ahora,Negocios,1913,>= 1000 DM,< 1 año,3,Hombre: casado/viudo,Ninguno,3,Bienes raíces,36,Banco,Propia,1,Empleado calificado / oficial,1,Sí,Sí,Buen Pagador
< 0 DM,24,Créditos existentes pagados hasta ahora,Muebles/Equipo,4020,< 100 DM,1 - 4 años,2,Hombre: soltero,Ninguno,2,Auto u otro,27,Tiendas,Propia,1,Empleado calificado / oficial,1,No,Sí,Buen Pagador
0 - 200 DM,18,Créditos existentes pagados hasta ahora,Auto (nuevo),5866,100 - 500 DM,1 - 4 años,2,Hombre: soltero,Ninguno,2,Auto u otro,30,Ninguno,Propia,2,Empleado calificado / oficial,1,Sí,Sí,Buen Pagador
Sin cuenta,12,Cuenta crítica / Otros créditos,Negocios,1264,Desconocido / Sin ahorros,>= 7 años,4,Hombre: soltero,Ninguno,4,Desconocido / Sin propiedad,57,Ninguno,Alquiler,1,No calificado - residente,1,No,Sí,Buen Pagador
>= 200 DM,12,Créditos existentes pagados hasta ahora,Muebles/Equipo,1474,< 100 DM,< 1 año,4,Mujer: divorciada/separada/casada,Ninguno,1,Seguro de vida / Ahorro para vivienda,33,Banco,Propia,1,Gerencia / Autoempleado / Altamente calificado,1,Sí,Sí,Buen Pagador
0 - 200 DM,45,Cuenta crítica / Otros créditos,Radio/TV,4746,< 100 DM,< 1 año,4,Hombre: soltero,Ninguno,2,Seguro de vida / Ahorro para vivienda,25,Ninguno,Propia,2,No calificado - residente,1,No,Sí,Mal Pagador
Sin cuenta,48,Cuenta crítica / Otros créditos,Educación,6110,< 100 DM,1 - 4 años,1,Hombre: soltero,Ninguno,3,Desconocido / Sin propiedad,31,Banco,Gratis,1,Empleado calificado / oficial,1,Sí,Sí,Buen Pagador
>= 200 DM,18,Créditos existentes pagados hasta ahora,Radio/TV,2100,< 100 DM,1 - 4 años,4,Hombre: soltero,Co-solicitante,2,Bienes raíces,37,Tiendas,Propia,1,Empleado calificado / oficial,1,No,Sí,Mal Pagador
>= 200 DM,10,Créditos existentes pagados hasta ahora,Electrodomésticos,1225,< 100 DM,1 - 4 años,2,Hombre: soltero,Ninguno,2,Auto u otro,37,Ninguno,Propia,1,Empleado calificado / oficial,1,Sí,Sí,Buen Pagador
0 - 200 DM,9,Créditos existentes pagados hasta ahora,Radio/TV,458,< 100 DM,1 - 4 años,4,Hombre: soltero,Ninguno,3,Bienes raíces,24,Ninguno,Propia,1,Empleado calificado / oficial,1,No,Sí,Buen Pagador
Sin cuenta,30,Créditos existentes pagados hasta ahora,Radio/TV,2333,500 - 1000 DM,>= 7 años,4,Hombre: soltero,Ninguno,2,Auto u otro,30,Banco,Propia,1,Gerencia / Autoempleado / Altamente calificado,1,No,Sí,Buen Pagador
0 - 200 DM,12,Créditos existentes pagados hasta ahora,Radio/TV,1158,500 - 1000 DM,1 - 4 años,3,Hombre: divorciado/separado,Ninguno,1,Auto u otro,26,Ninguno,Propia,1,Empleado calificado / oficial,1,Sí,Sí,Buen Pagador
0 - 200 DM,18,Retraso en pagos en el pasado,Reparaciones,6204,< 100 DM,1 - 4 años,2,Hombre: soltero,Ninguno,4,Bienes raíces,44,Ninguno,Propia,1,No calificado - residente,2,Sí,Sí,Buen Pagador
< 0 DM,30,Cuenta crítica / Otros créditos,Auto (usado),6187,100 - 500 DM,4 - 7 años,1,Hombre: casado/viudo,Ninguno,4,Auto u otro,24,Ninguno,Alquiler,2,Empleado calificado / oficial,1,No,Sí,Buen Pagador
< 0 DM,48,Cuenta crítica / Otros créditos,Auto (usado),6143,< 100 DM,>= 7 años,4,Mujer: divorciada/separada/casada,Ninguno,4,Desconocido / Sin propiedad,58,Tiendas,Gratis,2,No calificado - residente,1,No,Sí,Mal Pagador
Sin cuenta,11,Cuenta crítica / Otros créditos,Auto (nuevo),1393,< 100 DM,< 1 año,4,Mujer: divorciada/separada/casada,Ninguno,4,Auto u otro,35,Ninguno,Propia,2,Gerencia / Autoempleado / Altamente calificado,1,No,Sí,Buen Pagador
Sin cuenta,36,Créditos existentes pagados hasta ahora,Radio/TV,2299,500 - 1000 DM,>= 7 años,4,Hombre: soltero,Ninguno,4,Auto u otro,39,Ninguno,Propia,1,Empleado calificado / oficial,1,No,Sí,Buen Pagador
< 0 DM,6,Créditos existentes pagados hasta ahora,Auto (usado),1352,500 - 1000 DM,Desempleado,1,Mujer: divorciada/separada/casada,Ninguno,2,Seguro de vida / Ahorro para vivienda,23,Ninguno,Alquiler,1,No calificado - no residente,1,Sí,Sí,Buen Pagador
Sin cuenta,11,Cuenta crítica / Otros créditos,Auto (nuevo),7228,< 100 DM,1 - 4 años,1,Hombre: soltero,Ninguno,4,Seguro de vida / Ahorro para vivienda,39,Ninguno,Propia,2,No calificado - residente,1,No,Sí,Buen Pagador
Sin cuenta,12,Créditos existentes pagados hasta ahora,Radio/TV,2073,100 - 500 DM,1 - 4 años,4,Mujer: divorciada/separada/casada,Co-solicitante,2,Bienes raíces,28,Ninguno,Propia,1,Empleado calificado / oficial,1,No,Sí,Buen Pagador
0 - 200 DM,24,Retraso en pagos en el pasado,Muebles/Equipo,2333,Desconocido / Sin ahorros,< 1 año,4,Hombre: soltero,Ninguno,2,Seguro de vida / Ahorro para vivienda,29,Banco,Propia,1,No calificado - residente,1,No,Sí,Buen Pagador
0 - 200 DM,27,Retraso en pagos en el pasado,Auto (usado),5965,< 100 DM,>= 7 años,1,Hombre: soltero,Ninguno,2,Auto u otro,30,Ninguno,Propia,2,Gerencia / Autoempleado / Altamente calificado,1,Sí,Sí,Buen Pagador
Sin cuenta,12,Créditos existentes pagados hasta ahora,Radio/TV,1262,< 100 DM,1 - 4 años,3,Hombre: soltero,Ninguno,2,Auto u otro,25,Ninguno,Propia,1,Empleado calificado / oficial,1,No,Sí,Buen Pagador
Sin cuenta,18,Créditos existentes pagados hasta ahora,Auto (usado),3378,Desconocido / Sin ahorros,1 - 4 años,2,Hombre: soltero,Ninguno,1,Seguro de vida / Ahorro para vivienda,31,Ninguno,Propia,1,Empleado calificado / oficial,1,Sí,Sí,Buen Pagador
0 - 200 DM,36,Retraso en pagos en el pasado,Auto (nuevo),2225,< 100 DM,>= 7 años,4,Hombre: soltero,Ninguno,4,Desconocido / Sin propiedad,57,Banco,Gratis,2,Empleado calificado / oficial,1,Sí,Sí,Mal Pagador
Sin cuenta,6,Todos los créditos en este banco pagados,Auto (nuevo),783,Desconocido / Sin ahorros,1 - 4 años,1,Hombre: soltero,Garante,2,Bienes raíces,26,Tiendas,Propia,1,No calificado - residente,2,No,Sí,Buen Pagador
0 - 200 DM,12,Créditos existentes pagados hasta ahora,Radio/TV,6468,Desconocido / Sin ahorros,Desempleado,2,Hombre: soltero,Ninguno,1,Desconocido / Sin propiedad,52,Ninguno,Propia,1,Gerencia / Autoempleado / Altamente calificado,1,Sí,Sí,Mal Pagador
Sin cuenta,36,Cuenta crítica / Otros créditos,Radio/TV,9566,< 100 DM,1 - 4 años,2,Mujer: divorciada/separada/casada,Ninguno,2,Auto u otro,31,Tiendas,Propia,2,Empleado calificado / oficial,1,No,Sí,Buen Pagador
>= 200 DM,18,Créditos existentes pagados hasta ahora,Auto (nuevo),1961,< 100 DM,>= 7 años,3,Mujer: divorciada/separada/casada,Ninguno,2,Auto u otro,23,Ninguno,Propia,1,Gerencia / Autoempleado / Altamente calificado,1,No,Sí,Buen Pagador
< 0 DM,36,Cuenta crítica / Otros créditos,Muebles/Equipo,6229,< 100 DM,< 1 año,4,Mujer: divorciada/separada/casada,Co-solicitante,4,Desconocido / Sin propiedad,23,Ninguno,Alquiler,2,No calificado - residente,1,Sí,Sí,Mal Pagador
0 - 200 DM,9,Créditos existentes pagados hasta ahora,Negocios,1391,< 100 DM,1 - 4 años,2,Hombre: casado/viudo,Ninguno,1,Bienes raíces,27,Banco,Propia,1,Empleado calificado / oficial,1,Sí,Sí,Buen Pagador
0 - 200 DM,15,Cuenta crítica / Otros créditos,Radio/TV,1537,Desconocido / Sin ahorros,>= 7 años,4,Hombre: soltero,Garante,4,Bienes raíces,50,Ninguno,Propia,2,Empleado calificado / oficial,1,Sí,Sí,Buen Pagador
0 - 200 DM,36,Sin créditos / Todos pagados,Negocios,1953,< 100 DM,>= 7 años,4,Hombre: soltero,Ninguno,4,Desconocido / Sin propiedad,61,Ninguno,Gratis,1,Gerencia / Autoempleado / Altamente calificado,1,Sí,Sí,Mal Pagador
0 - 200 DM,48,Sin créditos / Todos pagados,Negocios,14421,< 100 DM,1 - 4 años,2,Hombre: soltero,Ninguno,2,Auto u otro,25,Ninguno,Propia,1,Empleado calificado / oficial,1,Sí,Sí,Mal Pagador
Sin cuenta,24,Créditos existentes pagados hasta ahora,Radio/TV,3181,< 100 DM,< 1 año,4,Mujer: divorciada/separada/casada,Ninguno,4,Seguro de vida / Ahorro para vivienda,26,Ninguno,Propia,1,Empleado calificado / oficial,1,Sí,Sí,Buen Pagador
Sin cuenta,27,Créditos existentes pagados hasta ahora,Reparaciones,5190,Desconocido / Sin ahorros,>= 7 años,4,Hombre: soltero,Ninguno,4,Seguro de vida / Ahorro para vivienda,48,Ninguno,Propia,4,Empleado calificado / oficial,2,Sí,Sí,Buen Pagador
Sin cuenta,12,Créditos existentes pagados hasta ahora,Radio/TV,2171,< 100 DM,< 1 año,2,Mujer: divorciada/separada/casada,Ninguno,2,Auto u otro,29,Banco,Propia,1,Empleado calificado / oficial,1,No,Sí,Buen Pagador
0 - 200 DM,12,Créditos existentes pagados hasta ahora,Auto (nuevo),1007,>= 1000 DM,1 - 4 años,4,Hombre: casado/viudo,Ninguno,1,Bienes raíces,22,Ninguno,Propia,1,Empleado calificado / oficial,1,No,Sí,Buen Pagador
Sin cuenta,36,Créditos existentes pagados hasta ahora,Educación,1819,< 100 DM,1 - 4 años,4,Hombre: soltero,Ninguno,4,Desconocido / Sin propiedad,37,Tiendas,Gratis,1,Empleado calificado / oficial,1,Sí,Sí,Mal Pagador
Sin cuenta,36,Créditos existentes pagados hasta ahora,Radio/TV,2394,Desconocido / Sin ahorros,1 - 4 años,4,Mujer: divorciada/separada/casada,Ninguno,4,Auto u otro,25,Ninguno,Propia,1,Empleado calificado / oficial,1,No,Sí,Buen Pagador
Sin cuenta,36,Créditos existentes pagados hasta ahora,Auto (usado),8133,< 100 DM,1 - 4 años,1,Mujer: divorciada/separada/casada,Ninguno,2,Seguro de vida / Ahorro para vivienda,30,Banco,Propia,1,Empleado calificado / oficial,1,No,Sí,Buen Pagador
Sin cuenta,7,Cuenta crítica / Otros créditos,Radio/TV,730,Desconocido / Sin ahorros,>= 7 años,4,Hombre: soltero,Ninguno,2,Seguro de vida / Ahorro para vivienda,46,Ninguno,Alquiler,2,No calificado - residente,1,Sí,Sí,Buen Pagador
< 0 DM,8,Cuenta crítica / Otros créditos,Otros,1164,< 100 DM,>= 7 años,3,Hombre: soltero,Ninguno,4,Desconocido / Sin propiedad,51,Banco,Gratis,2,Gerencia / Autoempleado / Altamente calificado,2,Sí,Sí,Buen Pagador
0 - 200 DM,42,Cuenta crítica / Otros créditos,Negocios,5954,< 100 DM,4 - 7 años,2,Mujer: divorciada/separada/casada,Ninguno,1,Bienes raíces,41,Banco,Propia,2,No calificado - residente,1,No,Sí,Buen Pagador
< 0 DM,36,Créditos existentes pagados hasta ahora,Educación,1977,Desconocido / Sin ahorros,>= 7 años,4,Hombre: soltero,Ninguno,4,Desconocido / Sin propiedad,40,Ninguno,Propia,1,Gerencia / Autoempleado / Altamente calificado,1,Sí,Sí,Mal Pagador
< 0 DM,12,Cuenta crítica / Otros créditos,Auto (usado),1526,< 100 DM,>= 7 años,4,Hombre: soltero,Ninguno,4,Desconocido / Sin propiedad,66,Ninguno,Gratis,2,Gerencia / Autoempleado / Altamente calificado,1,No,Sí,Buen Pagador
< 0 DM,42,Créditos existentes pagados hasta ahora,Radio/TV,3965,< 100 DM,< 1 año,4,Hombre: soltero,Ninguno,3,Auto u otro,34,Ninguno,Propia,1,Empleado calificado / oficial,1,No,Sí,Mal Pagador
0 - 200 DM,11,Retraso en pagos en el pasado,Radio/TV,4771,< 100 DM,4 - 7 años,2,Hombre: soltero,Ninguno,4,Seguro de vida / Ahorro para vivienda,51,Ninguno,Propia,1,Empleado calificado / oficial,1,No,Sí,Buen Pagador
Sin cuenta,54,Sin créditos / Todos pagados,Auto (usado),9436,Desconocido / Sin ahorros,1 - 4 años,2,Hombre: soltero,Ninguno,2,Seguro de vida / Ahorro para vivienda,39,Ninguno,Propia,1,No calificado - residente,2,No,Sí,Buen Pagador
0 - 200 DM,30,Créditos existentes pagados hasta ahora,Muebles/Equipo,3832,< 100 DM,< 1 año,2,Hombre: casado/viudo,Ninguno,1,Seguro de vida / Ahorro para vivienda,22,Ninguno,Propia,1,Empleado calificado / oficial,1,No,Sí,Buen Pagador
Sin cuenta,24,Créditos existentes pagados hasta ahora,Radio/TV,5943,Desconocido / Sin ahorros,< 1 año,1,Mujer: divorciada/separada/casada,Ninguno,1,Auto u otro,44,Ninguno,Propia,2,Empleado calificado / oficial,1,Sí,Sí,Mal Pagador
Sin cuenta,15,Créditos existentes pagados hasta ahora,Radio/TV,1213,500 - 1000 DM,>= 7 años,4,Hombre: soltero,Ninguno,3,Seguro de vida / Ahorro para vivienda,47,Tiendas,Propia,1,Empleado calificado / oficial,1,Sí,Sí,Buen Pagador
Sin cuenta,18,Créditos existentes pagados hasta ahora,Negocios,1568,100 - 500 DM,1 - 4 años,3,Mujer: divorciada/separada/casada,Ninguno,4,Seguro de vida / Ahorro para vivienda,24,Ninguno,Alquiler,1,No calificado - residente,1,No,Sí,Buen Pagador
< 0 DM,24,Créditos existentes pagados hasta ahora,Otros,1755,< 100 DM,>= 7 años,4,Mujer: divorciada/separada/casada,Garante,4,Bienes raíces,58,Ninguno,Propia,1,No calificado - residente,1,Sí,Sí,Buen Pagador
< 0 DM,10,Créditos existentes pagados hasta ahora,Radio/TV,2315,< 100 DM,>= 7 años,3,Hombre: soltero,Ninguno,4,Bienes raíces,52,Ninguno,Propia,1,No calificado - residente,1,No,Sí,Buen Pagador
Sin cuenta,12,Cuenta crítica / Otros créditos,Negocios,1412,< 100 DM,1 - 4 años,4,Mujer: divorciada/separada/casada,Garante,2,Bienes raíces,29,Ninguno,Propia,2,Gerencia / Autoempleado / Altamente calificado,1,Sí,Sí,Buen Pagador
0 - 200 DM,18,Cuenta crítica / Otros créditos,Muebles/Equipo,1295,< 100 DM,< 1 año,4,Mujer: divorciada/separada/casada,Ninguno,1,Seguro de vida / Ahorro para vivienda,27,Ninguno,Propia,2,Empleado calificado / oficial,1,No,Sí,Buen Pagador
0 - 200 DM,36,Créditos existentes pagados hasta ahora,Educación,12612,100 - 500 DM,1 - 4 años,1,Hombre: soltero,Ninguno,4,Desconocido / Sin propiedad,47,Ninguno,Gratis,1,Empleado calificado / oficial,2,Sí,Sí,Mal Pagador
< 0 DM,18,Créditos existentes pagados hasta ahora,Auto (nuevo),2249,100 - 500 DM,4 - 7 años,4,Hombre: soltero,Ninguno,3,Auto u otro,30,Ninguno,Propia,1,Gerencia / Autoempleado / Altamente calificado,2,Sí,Sí,Buen Pagador
< 0 DM,12,Sin créditos / Todos pagados,Reparaciones,1108,< 100 DM,4 - 7 años,4,Hombre: soltero,Ninguno,3,Bienes raíces,28,Ninguno,Propia,2,Empleado calificado / oficial,1,No,Sí,Mal Pagador
Sin cuenta,12,Cuenta crítica / Otros créditos,Radio/TV,618,< 100 DM,>= 7 años,4,Hombre: soltero,Ninguno,4,Bienes raíces,56,Ninguno,Propia,1,Empleado calificado / oficial,1,No,Sí,Buen Pagador
< 0 DM,12,Cuenta crítica / Otros créditos,Auto (usado),1409,< 100 DM,>= 7 años,4,Hombre: soltero,Ninguno,3,Bienes raíces,54,Ninguno,Propia,1,Empleado calificado / oficial,1,No,Sí,Buen Pagador
Sin cuenta,12,Cuenta crítica / Otros créditos,Radio/TV,797,Desconocido / Sin ahorros,>= 7 años,4,Mujer: divorciada/separada/casada,Ninguno,3,Seguro de vida / Ahorro para vivienda,33,Banco,Propia,1,No calificado - residente,2,No,Sí,Mal Pagador
>= 200 DM,24,Cuenta crítica / Otros créditos,Muebles/Equipo,3617,Desconocido / Sin ahorros,>= 7 años,4,Hombre: soltero,Co-solicitante,4,Desconocido / Sin propiedad,20,Ninguno,Alquiler,2,Empleado calificado / oficial,1,No,Sí,Buen Pagador
0 - 200 DM,12,Créditos existentes pagados hasta ahora,Auto (nuevo),1318,>= 1000 DM,>= 7 años,4,Hombre: soltero,Ninguno,4,Bienes raíces,54,Ninguno,Propia,1,Empleado calificado / oficial,1,Sí,Sí,Buen Pagador
0 - 200 DM,54,Sin créditos / Todos pagados,Negocios,15945,< 100 DM,< 1 año,3,Hombre: soltero,Ninguno,4,Desconocido / Sin propiedad,58,Ninguno,Alquiler,1,Empleado calificado / oficial,1,Sí,Sí,Mal Pagador
Sin cuenta,12,Cuenta crítica / Otros créditos,Educación,2012,Desconocido / Sin ahorros,4 - 7 años,4,Mujer: divorciada/separada/casada,Ninguno,2,Auto u otro,61,Ninguno,Propia,1,Empleado calificado / oficial,1,No,Sí,Buen Pagador
0 - 200 DM,18,Créditos existentes pagados hasta ahora,Negocios,2622,100 - 500 DM,1 - 4 años,4,Hombre: soltero,Ninguno,4,Auto u otro,34,Ninguno,Propia,1,Empleado calificado / oficial,1,No,Sí,Buen Pagador
0 - 200 DM,36,Cuenta crítica / Otros créditos,Radio/TV,2337,< 100 DM,>= 7 años,4,Hombre: soltero,Ninguno,4,Bienes raíces,36,Ninguno,Propia,1,Empleado calificado / oficial,1,No,Sí,Buen Pagador
0 - 200 DM,20,Retraso en pagos en el pasado,Auto (usado),7057,Desconocido / Sin ahorros,4 - 7 años,3,Hombre: soltero,Ninguno,4,Seguro de vida / Ahorro para vivienda,36,Banco,Alquiler,2,Gerencia / Autoempleado / Altamente calificado,2,Sí,Sí,Buen Pagador
Sin cuenta,24,Créditos existentes pagados hasta ahora,Auto (nuevo),1469,100 - 500 DM,>= 7 años,4,Hombre: casado/viudo,Ninguno,4,Bienes raíces,41,Ninguno,Alquiler,1,No calificado - residente,1,No,Sí,Buen Pagador
0 - 200 DM,36,Créditos existentes pagados hasta ahora,Radio/TV,2323,< 100 DM,4 - 7 años,4,Hombre: soltero,Ninguno,4,Auto u otro,24,Ninguno,Alquiler,1,Empleado calificado / oficial,1,No,Sí,Buen Pagador
Sin cuenta,6,Retraso en pagos en el pasado,Radio/TV,932,< 100 DM,1 - 4 años,3,Mujer: divorciada/separada/casada,Ninguno,2,Bienes raíces,24,Ninguno,Propia,1,Empleado calificado / oficial,1,No,Sí,Buen Pagador
0 - 200 DM,9,Cuenta crítica / Otros créditos,Muebles/Equipo,1919,< 100 DM,4 - 7 años,4,Hombre: soltero,Ninguno,3,Auto u otro,35,Ninguno,Alquiler,1,Empleado calificado / oficial,1,Sí,Sí,Buen Pagador
Sin cuenta,12,Créditos existentes pagados hasta ahora,Auto (usado),2445,Desconocido / Sin ahorros,< 1 año,2,Hombre: casado/viudo,Ninguno,4,Auto u otro,26,Ninguno,Alquiler,1,Empleado calificado / oficial,1,Sí,Sí,Buen Pagador
0 - 200 DM,24,Cuenta crítica / Otros créditos,Otros,11938,< 100 DM,1 - 4 años,2,Hombre: soltero,Co-solicitante,3,Auto u otro,39,Ninguno,Propia,2,Gerencia / Autoempleado / Altamente calificado,2,Sí,Sí,Mal Pagador
Sin cuenta,18,Todos los créditos en este banco pagados,Auto (nuevo),6458,< 100 DM,>= 7 años,2,Hombre: soltero,Ninguno,4,Desconocido / Sin propiedad,39,Banco,Propia,2,Gerencia / Autoempleado / Altamente calificado,2,Sí,Sí,Mal Pagador
0 - 200 DM,12,Créditos existentes pagados hasta ahora,Auto (nuevo),6078,< 100 DM,4 - 7 años,2,Hombre: soltero,Ninguno,2,Auto u otro,32,Ninguno,Propia,1,Empleado calificado / oficial,1,No,Sí,Buen Pagador
< 0 DM,24,Créditos existentes pagados hasta ahora,Muebles/Equipo,7721,Desconocido / Sin ahorros,< 1 año,1,Mujer: divorciada/separada/casada,Ninguno,2,Seguro de vida / Ahorro para vivienda,30,Ninguno,Propia,1,Empleado calificado / oficial,1,Sí,No,Buen Pagador
0 - 200 DM,14,Créditos existentes pagados hasta ahora,Negocios,1410,500 - 1000 DM,>= 7 años,1,Hombre: casado/viudo,Ninguno,2,Bienes raíces,35,Ninguno,Propia,1,Empleado calificado / oficial,1,Sí,Sí,Buen Pagador
0 - 200 DM,6,Retraso en pagos en el pasado,Negocios,1449,100 - 500 DM,>= 7 años,1,Hombre: divorciado/separado,Ninguno,2,Auto u otro,31,Banco,Propia,2,Empleado calificado / oficial,2,No,Sí,Buen Pagador
>= 200 DM,15,Créditos existentes pagados hasta ahora,Educación,392,< 100 DM,< 1 año,4,Mujer: divorciada/separada/casada,Ninguno,4,Seguro de vida / Ahorro para vivienda,23,Ninguno,Alquiler,1,Empleado calificado / oficial,1,Sí,Sí,Buen Pagador
0 - 200 DM,18,Créditos existentes pagados hasta ahora,Auto (nuevo),6260,< 100 DM,4 - 7 años,3,Hombre: soltero,Ninguno,3,Bienes raíces,28,Ninguno,Alquiler,1,No calificado - residente,1,No,Sí,Buen Pagador
Sin cuenta,36,Cuenta crítica / Otros créditos,Auto (nuevo),7855,< 100 DM,1 - 4 años,4,Mujer: divorciada/separada/casada,Ninguno,2,Bienes raíces,25,Tiendas,Propia,2,Empleado calificado / oficial,1,Sí,Sí,Mal Pagador
< 0 DM,12,Créditos existentes pagados hasta ahora,Radio/TV,1680,500 - 1000 DM,>= 7 años,3,Hombre: casado/viudo,Ninguno,1,Bienes raíces,35,Ninguno,Propia,1,Empleado calificado / oficial,1,No,Sí,Buen Pagador
Sin cuenta,48,Cuenta crítica / Otros créditos,Radio/TV,3578,Desconocido / Sin ahorros,>= 7 años,4,Hombre: soltero,Ninguno,1,Bienes raíces,47,Ninguno,Propia,1,Empleado calificado / oficial,1,Sí,Sí,Buen Pagador
< 0 DM,42,Créditos existentes pagados hasta ahora,Radio/TV,7174,Desconocido / Sin ahorros,4 - 7 años,4,Mujer: divorciada/separada/casada,Ninguno,3,Auto u otro,30,Ninguno,Propia,1,Gerencia / Autoempleado / Altamente calificado,1,Sí,Sí,Mal Pagador
< 0 DM,10,Cuenta crítica / Otros créditos,Muebles/Equipo,2132,Desconocido / Sin ahorros,< 1 año,2,Mujer: divorciada/separada/casada,Co-solicitante,3,Bienes raíces,27,Ninguno,Alquiler,2,Empleado calificado / oficial,1,No,No,Buen Pagador
< 0 DM,33,Cuenta crítica / Otros créditos,Muebles/Equipo,4281,500 - 1000 DM,1 - 4 años,1,Mujer: divorciada/separada/casada,Ninguno,4,Auto u otro,23,Ninguno,Propia,2,Empleado calificado / oficial,1,No,Sí,Mal Pagador
0 - 200 DM,12,Cuenta crítica / Otros créditos,Auto (nuevo),2366,500 - 1000 DM,4 - 7 años,3,Hombre: divorciado/separado,Ninguno,3,Auto u otro,36,Ninguno,Propia,1,Gerencia / Autoempleado / Altamente calificado,1,Sí,Sí,Buen Pagador
< 0 DM,21,Créditos existentes pagados hasta ahora,Radio/TV,1835,< 100 DM,1 - 4 años,3,Mujer: divorciada/separada/casada,Ninguno,2,Bienes raíces,25,Ninguno,Propia,2,Empleado calificado / oficial,1,Sí,Sí,Mal Pagador
Sin cuenta,24,Cuenta crítica / Otros créditos,Auto (usado),3868,< 100 DM,>= 7 años,4,Mujer: divorciada/separada/casada,Ninguno,2,Auto u otro,41,Ninguno,Alquiler,2,Gerencia / Autoempleado / Altamente calificado,1,Sí,Sí,Buen Pagador
Sin cuenta,12,Créditos existentes pagados hasta ahora,Muebles/Equipo,1768,< 100 DM,1 - 4 años,3,Hombre: soltero,Ninguno,2,Bienes raíces,24,Ninguno,Alquiler,1,No calificado - residente,1,No,Sí,Buen Pagador
>= 200 DM,10,Cuenta crítica / Otros créditos,Auto (nuevo),781,< 100 DM,>= 7 años,4,Hombre: soltero,Ninguno,4,Desconocido / Sin propiedad,63,Ninguno,Gratis,2,Empleado calificado / oficial,1,Sí,Sí,Buen Pagador
0 - 200 DM,18,Créditos existentes pagados hasta ahora,Muebles/Equipo,1924,Desconocido / Sin ahorros,< 1 año,4,Mujer: divorciada/separada/casada,Ninguno,3,Bienes raíces,27,Ninguno,Alquiler,1,Empleado calificado / oficial,1,No,Sí,Mal Pagador
< 0 DM,12,Cuenta crítica / Otros créditos,Auto (nuevo),2121,< 100 DM,1 - 4 años,4,Hombre: soltero,Ninguno,2,Seguro de vida / Ahorro para vivienda,30,Ninguno,Propia,2,Empleado calificado / oficial,1,No,Sí,Buen Pagador
< 0 DM,12,Créditos existentes pagados hasta ahora,Radio/TV,701,< 100 DM,1 - 4 años,4,Hombre: casado/viudo,Ninguno,2,Bienes raíces,40,Ninguno,Propia,1,No calificado - residente,1,No,Sí,Buen Pagador
0 - 200 DM,12,Créditos existentes pagados hasta ahora,Reparaciones,639,< 100 DM,1 - 4 años,4,Hombre: soltero,Ninguno,2,Auto u otro,30,Ninguno,Propia,1,Empleado calificado / oficial,1,No,Sí,Mal Pagador
0 - 200 DM,12,Cuenta crítica / Otros créditos,Auto (usado),1860,< 100 DM,Desempleado,4,Hombre: soltero,Ninguno,2,Auto u otro,34,Ninguno,Propia,2,Gerencia / Autoempleado / Altamente calificado,1,Sí,Sí,Buen Pagador
< 0 DM,12,Cuenta crítica / Otros créditos,Auto (nuevo),3499,< 100 DM,1 - 4 años,3,Mujer: divorciada/separada/casada,Co-solicitante,2,Bienes raíces,29,Ninguno,Propia,2,Empleado calificado / oficial,1,No,Sí,Mal Pagador
0 - 200 DM,48,Créditos existentes pagados hasta ahora,Auto (nuevo),8487,Desconocido / Sin ahorros,4 - 7 años,1,Mujer: divorciada/separada/casada,Ninguno,2,Auto u otro,24,Ninguno,Propia,1,Empleado calificado / oficial,1,No,Sí,Buen Pagador
< 0 DM,36,Retraso en pagos en el pasado,Educación,6887,< 100 DM,1 - 4 años,4,Hombre: soltero,Ninguno,3,Seguro de vida / Ahorro para vivienda,29,Tiendas,Propia,1,Empleado calificado / oficial,1,Sí,Sí,Mal Pagador
Sin cuenta,15,Créditos existentes pagados hasta ahora,Muebles/Equipo,2708,< 100 DM,< 1 año,2,Hombre: soltero,Ninguno,3,Seguro de vida / Ahorro para vivienda,27,Banco,Propia,2,No calificado - residente,1,No,Sí,Buen Pagador
Sin cuenta,18,Créditos existentes pagados hasta ahora,Muebles/Equipo,1984,< 100 DM,1 - 4 años,4,Hombre: soltero,Ninguno,4,Desconocido / Sin propiedad,47,Banco,Gratis,2,Empleado calificado / oficial,1,No,Sí,Buen Pagador
Sin cuenta,60,Créditos existentes pagados hasta ahora,Radio/TV,10144,100 - 500 DM,4 - 7 años,2,Mujer: divorciada/separada/casada,Ninguno,4,Bienes raíces,21,Ninguno,Propia,1,Empleado calificado / oficial,1,Sí,Sí,Buen Pagador
Sin cuenta,12,Cuenta crítica / Otros créditos,Radio/TV,1240,Desconocido / Sin ahorros,>= 7 años,4,Mujer: divorciada/separada/casada,Ninguno,2,Bienes raíces,38,Ninguno,Propia,2,Empleado calificado / oficial,1,Sí,Sí,Buen Pagador
Sin cuenta,27,Retraso en pagos en el pasado,Auto (usado),8613,>= 1000 DM,1 - 4 años,2,Hombre: soltero,Ninguno,2,Auto u otro,27,Ninguno,Propia,2,Empleado calificado / oficial,1,No,Sí,Buen Pagador
0 - 200 DM,12,Créditos existentes pagados hasta ahora,Radio/TV,766,500 - 1000 DM,1 - 4 años,4,Hombre: soltero,Ninguno,3,Bienes raíces,66,Ninguno,Propia,1,No calificado - residente,1,No,Sí,Mal Pagador
0 - 200 DM,15,Cuenta crítica / Otros créditos,Radio/TV,2728,Desconocido / Sin ahorros,4 - 7 años,4,Hombre: soltero,Garante,2,Bienes raíces,35,Banco,Propia,3,Empleado calificado / oficial,1,Sí,Sí,Buen Pagador
>= 200 DM,12,Créditos existentes pagados hasta ahora,Radio/TV,1881,< 100 DM,1 - 4 años,2,Mujer: divorciada/separada/casada,Ninguno,2,Auto u otro,44,Ninguno,Alquiler,1,No calificado - residente,1,Sí,Sí,Buen Pagador
>= 200 DM,6,Créditos existentes pagados hasta ahora,Auto (nuevo),709,>= 1000 DM,< 1 año,2,Hombre: casado/viudo,Ninguno,2,Bienes raíces,27,Ninguno,Propia,1,No calificado - no residente,1,No,No,Buen Pagador
0 - 200 DM,36,Créditos existentes pagados hasta ahora,Radio/TV,4795,< 100 DM,< 1 año,4,Mujer: divorciada/separada/casada,Ninguno,1,Desconocido / Sin propiedad,30,Ninguno,Propia,1,Gerencia / Autoempleado / Altamente calificado,1,Sí,Sí,Buen Pagador
< 0 DM,27,Créditos existentes pagados hasta ahora,Radio/TV,3416,< 100 DM,1 - 4 años,3,Hombre: soltero,Ninguno,2,Auto u otro,27,Ninguno,Propia,1,Gerencia / Autoempleado / Altamente calificado,1,No,Sí,Buen Pagador
< 0 DM,18,Créditos existentes pagados hasta ahora,Muebles/Equipo,2462,< 100 DM,1 - 4 años,2,Hombre: soltero,Ninguno,2,Auto u otro,22,Ninguno,Propia,1,Empleado calificado / oficial,1,No,Sí,Mal Pagador
Sin cuenta,21,Cuenta crítica / Otros créditos,Muebles/Equipo,2288,< 100 DM,< 1 año,4,Mujer: divorciada/separada/casada,Ninguno,4,Seguro de vida / Ahorro para vivienda,23,Ninguno,Propia,1,Empleado calificado / oficial,1,Sí,Sí,Buen Pagador
0 - 200 DM,48,Todos los créditos en este banco pagados,Negocios,3566,100 - 500 DM,4 - 7 años,4,Hombre: soltero,Ninguno,2,Auto u otro,30,Ninguno,Propia,1,Empleado calificado / oficial,1,No,Sí,Buen Pagador
< 0 DM,6,Cuenta crítica / Otros créditos,Auto (nuevo),860,< 100 DM,>= 7 años,1,Mujer: divorciada/separada/casada,Ninguno,4,Desconocido / Sin propiedad,39,Ninguno,Propia,2,Empleado calificado / oficial,1,Sí,Sí,Buen Pagador
Sin cuenta,12,Cuenta crítica / Otros créditos,Auto (nuevo),682,100 - 500 DM,4 - 7 años,4,Mujer: divorciada/separada/casada,Ninguno,3,Auto u otro,51,Ninguno,Propia,2,Empleado calificado / oficial,1,Sí,Sí,Buen Pagador
< 0 DM,36,Cuenta crítica / Otros créditos,Muebles/Equipo,5371,< 100 DM,1 - 4 años,3,Hombre: soltero,Garante,2,Seguro de vida / Ahorro para vivienda,28,Ninguno,Propia,2,Empleado calificado / oficial,1,No,Sí,Buen Pagador
Sin cuenta,18,Cuenta crítica / Otros créditos,Radio/TV,1582,>= 1000 DM,>= 7 años,4,Hombre: soltero,Ninguno,4,Auto u otro,46,Ninguno,Propia,2,Empleado calificado / oficial,1,No,Sí,Buen Pagador
Sin cuenta,6,Créditos existentes pagados hasta ahora,Radio/TV,1346,100 - 500 DM,>= 7 años,2,Hombre: soltero,Ninguno,4,Desconocido / Sin propiedad,42,Banco,Gratis,1,Empleado calificado / oficial,2,Sí,Sí,Buen Pagador
Sin cuenta,10,Créditos existentes pagados hasta ahora,Radio/TV,1924,< 100 DM,1 - 4 años,1,Hombre: soltero,Ninguno,4,Seguro de vida / Ahorro para vivienda,38,Ninguno,Propia,1,Empleado calificado / oficial,1,Sí,No,Buen Pagador
>= 200 DM,36,Créditos existentes pagados hasta ahora,Radio/TV,5848,< 100 DM,1 - 4 años,4,Hombre: soltero,Ninguno,1,Auto u otro,24,Ninguno,Propia,1,Empleado calificado / oficial,1,No,Sí,Buen Pagador
0 - 200 DM,24,Cuenta crítica / Otros créditos,Auto (usado),7758,>= 1000 DM,>= 7 años,2,Mujer: divorciada/separada/casada,Ninguno,4,Desconocido / Sin propiedad,29,Ninguno,Alquiler,1,Empleado calificado / oficial,1,No,Sí,Buen Pagador
0 - 200 DM,24,Retraso en pagos en el pasado,Negocios,6967,100 - 500 DM,4 - 7 años,4,Hombre: soltero,Ninguno,4,Auto u otro,36,Ninguno,Alquiler,1,Gerencia / Autoempleado / Altamente calificado,1,Sí,Sí,Buen Pagador
< 0 DM,12,Créditos existentes pagados hasta ahora,Muebles/Equipo,1282,< 100 DM,1 - 4 años,2,Mujer: divorciada/separada/casada,Ninguno,4,Auto u otro,20,Ninguno,Alquiler,1,Empleado calificado / oficial,1,No,Sí,Mal Pagador
< 0 DM,9,Cuenta crítica / Otros créditos,Reparaciones,1288,100 - 500 DM,>= 7 años,3,Hombre: soltero,Garante,4,Bienes raíces,48,Ninguno,Propia,2,Empleado calificado / oficial,2,No,No,Buen Pagador
< 0 DM,12,Todos los créditos en este banco pagados,Recapacitación,339,< 100 DM,>= 7 años,4,Hombre: casado/viudo,Ninguno,1,Auto u otro,45,Banco,Propia,1,No calificado - residente,1,No,Sí,Buen Pagador
0 - 200 DM,24,Créditos existentes pagados hasta ahora,Auto (nuevo),3512,100 - 500 DM,4 - 7 años,2,Hombre: soltero,Ninguno,3,Auto u otro,38,Banco,Propia,2,Empleado calificado / oficial,1,Sí,Sí,Buen Pagador
Sin cuenta,6,Cuenta crítica / Otros créditos,Radio/TV,1898,Desconocido / Sin ahorros,1 - 4 años,1,Hombre: soltero,Ninguno,2,Bienes raíces,34,Ninguno,Propia,2,No calificado - residente,2,No,Sí,Buen Pagador
Sin cuenta,24,Cuenta crítica / Otros créditos,Radio/TV,2872,100 - 500 DM,>= 7 años,3,Hombre: soltero,Ninguno,4,Bienes raíces,36,Ninguno,Propia,1,Empleado calificado / oficial,2,Sí,Sí,Buen Pagador
Sin cuenta,18,Cuenta crítica / Otros créditos,Auto (nuevo),1055,< 100 DM,< 1 año,4,Mujer: divorciada/separada/casada,Ninguno,1,Seguro de vida / Ahorro para vivienda,30,Ninguno,Propia,2,Empleado calificado / oficial,1,No,Sí,Buen Pagador
Sin cuenta,15,Créditos existentes pagados hasta ahora,Electrodomésticos,1262,500 - 1000 DM,4 - 7 años,4,Hombre: soltero,Ninguno,3,Seguro de vida / Ahorro para vivienda,36,Ninguno,Propia,2,Empleado calificado / oficial,1,Sí,Sí,Buen Pagador
0 - 200 DM,10,Créditos existentes pagados hasta ahora,Auto (nuevo),7308,< 100 DM,Desempleado,2,Hombre: soltero,Ninguno,4,Desconocido / Sin propiedad,70,Banco,Gratis,1,Gerencia / Autoempleado / Altamente calificado,1,Sí,Sí,Buen Pagador
Sin cuenta,36,Créditos existentes pagados hasta ahora,Auto (nuevo),909,500 - 1000 DM,>= 7 años,4,Hombre: soltero,Ninguno,4,Seguro de vida / Ahorro para vivienda,36,Ninguno,Propia,1,Empleado calificado / oficial,1,No,Sí,Buen Pagador
Sin cuenta,6,Créditos existentes pagados hasta ahora,Muebles/Equipo,2978,500 - 1000 DM,1 - 4 años,1,Hombre: soltero,Ninguno,2,Auto u otro,32,Ninguno,Propia,1,Empleado calificado / oficial,1,Sí,Sí,Buen Pagador
< 0 DM,18,Créditos existentes pagados hasta ahora,Muebles/Equipo,1131,< 100 DM,Desempleado,4,Mujer: divorciada/separada/casada,Ninguno,2,Auto u otro,33,Ninguno,Propia,1,Empleado calificado / oficial,1,No,Sí,Mal Pagador
0 - 200 DM,11,Créditos existentes pagados hasta ahora,Muebles/Equipo,1577,>= 1000 DM,< 1 año,4,Mujer: divorciada/separada/casada,Ninguno,1,Bienes raíces,20,Ninguno,Propia,1,Empleado calificado / oficial,1,No,Sí,Buen Pagador
Sin cuenta,24,Créditos existentes pagados hasta ahora,Muebles/Equipo,3972,< 100 DM,4 - 7 años,2,Mujer: divorciada/separada/casada,Ninguno,4,Seguro de vida / Ahorro para vivienda,25,Ninguno,Alquiler,1,Empleado calificado / oficial,1,Sí,Sí,Buen Pagador
0 - 200 DM,24,Cuenta crítica / Otros créditos,Negocios,1935,< 100 DM,>= 7 años,4,Hombre: divorciado/separado,Ninguno,4,Bienes raíces,31,Ninguno,Propia,2,Empleado calificado / oficial,1,Sí,Sí,Mal Pagador
< 0 DM,15,Sin créditos / Todos pagados,Auto (nuevo),950,< 100 DM,>= 7 años,4,Hombre: soltero,Ninguno,3,Auto u otro,33,Ninguno,Alquiler,2,Empleado calificado / oficial,2,No,Sí,Mal Pagador
Sin cuenta,12,Créditos existentes pagados hasta ahora,Muebles/Equipo,763,< 100 DM,1 - 4 años,4,Mujer: divorciada/separada/casada,Ninguno,1,Bienes raíces,26,Ninguno,Propia,1,Empleado calificado / oficial,1,Sí,Sí,Buen Pagador
0 - 200 DM,24,Retraso en pagos en el pasado,Muebles/Equipo,2064,< 100 DM,Desempleado,3,Mujer: divorciada/separada/casada,Ninguno,2,Seguro de vida / Ahorro para vivienda,34,Ninguno,Propia,1,Gerencia / Autoempleado / Altamente calificado,1,Sí,Sí,Mal Pagador
0 - 200 DM,8,Créditos existentes pagados hasta ahora,Radio/TV,1414,< 100 DM,1 - 4 años,4,Hombre: soltero,Garante,2,Bienes raíces,33,Ninguno,Propia,1,Empleado calificado / oficial,1,No,No,Buen Pagador
< 0 DM,21,Retraso en pagos en el pasado,Educación,3414,< 100 DM,< 1 año,2,Hombre: soltero,Ninguno,1,Seguro de vida / Ahorro para vivienda,26,Ninguno,Propia,2,Empleado calificado / oficial,1,No,Sí,Mal Pagador
Sin cuenta,30,Todos los créditos en este banco pagados,Auto (usado),7485,Desconocido / Sin ahorros,Desempleado,4,Mujer: divorciada/separada/casada,Ninguno,1,Bienes raíces,53,Banco,Propia,1,Gerencia / Autoempleado / Altamente calificado,1,Sí,Sí,Mal Pagador
< 0 DM,12,Créditos existentes pagados hasta ahora,Muebles/Equipo,2577,< 100 DM,1 - 4 años,2,Hombre: divorciado/separado,Ninguno,1,Auto u otro,42,Ninguno,Propia,1,Empleado calificado / oficial,1,No,Sí,Buen Pagador
< 0 DM,6,Cuenta crítica / Otros créditos,Radio/TV,338,500 - 1000 DM,>= 7 años,4,Hombre: soltero,Ninguno,4,Auto u otro,52,Ninguno,Propia,2,Empleado calificado / oficial,1,No,Sí,Buen Pagador
Sin cuenta,12,Créditos existentes pagados hasta ahora,Radio/TV,1963,< 100 DM,4 - 7 años,4,Hombre: soltero,Ninguno,2,Auto u otro,31,Ninguno,Alquiler,2,Gerencia / Autoempleado / Altamente calificado,2,Sí,Sí,Buen Pagador
< 0 DM,21,Cuenta crítica / Otros créditos,Auto (nuevo),571,< 100 DM,>= 7 años,4,Hombre: soltero,Ninguno,4,Bienes raíces,65,Ninguno,Propia,2,Empleado calificado / oficial,1,No,Sí,Buen Pagador
Sin cuenta,36,Retraso en pagos en el pasado,Negocios,9572,< 100 DM,< 1 año,1,Hombre: divorciado/separado,Ninguno,1,Auto u otro,28,Ninguno,Propia,2,Empleado calificado / oficial,1,No,Sí,Mal Pagador
0 - 200 DM,36,Retraso en pagos en el pasado,Negocios,4455,< 100 DM,1 - 4 años,2,Hombre: divorciado/separado,Ninguno,2,Bienes raíces,30,Tiendas,Propia,2,Gerencia / Autoempleado / Altamente calificado,1,Sí,Sí,Mal Pagador
< 0 DM,21,Todos los créditos en este banco pagados,Auto (nuevo),1647,Desconocido / Sin ahorros,1 - 4 años,4,Hombre: soltero,Ninguno,2,Seguro de vida / Ahorro para vivienda,40,Ninguno,Propia,2,No calificado - residente,2,No,Sí,Mal Pagador
Sin cuenta,24,Cuenta crítica / Otros créditos,Muebles/Equipo,3777,>= 1000 DM,1 - 4 años,4,Hombre: soltero,Ninguno,4,Bienes raíces,50,Ninguno,Propia,1,Empleado calificado / oficial,1,Sí,Sí,Buen Pagador
0 - 200 DM,18,Cuenta crítica / Otros créditos,Auto (nuevo),884,< 100 DM,>= 7 años,4,Hombre: soltero,Ninguno,4,Auto u otro,36,Banco,Propia,1,Empleado calificado / oficial,2,Sí,Sí,Mal Pagador
Sin cuenta,15,Cuenta crítica / Otros créditos,Radio/TV,1360,< 100 DM,1 - 4 años,4,Hombre: soltero,Ninguno,2,Seguro de vida / Ahorro para vivienda,31,Ninguno,Propia,2,Empleado calificado / oficial,1,No,Sí,Buen Pagador
0 - 200 DM,9,Todos los créditos en este banco pagados,Auto (usado),5129,< 100 DM,>= 7 años,2,Mujer: divorciada/separada/casada,Ninguno,4,Desconocido / Sin propiedad,74,Banco,Gratis,1,Gerencia / Autoempleado / Altamente calificado,2,Sí,Sí,Mal Pagador
0 - 200 DM,16,Cuenta crítica / Otros créditos,Auto (nuevo),1175,< 100 DM,Desempleado,2,Hombre: soltero,Ninguno,3,Auto u otro,68,Ninguno,Gratis,3,No calificado - no residente,1,Sí,Sí,Buen Pagador
< 0 DM,12,Créditos existentes pagados hasta ahora,Radio/TV,674,100 - 500 DM,4 - 7 años,4,Hombre: casado/viudo,Ninguno,1,Seguro de vida / Ahorro para vivienda,20,Ninguno,Propia,1,Empleado calificado / oficial,1,No,Sí,Mal Pagador
0 - 200 DM,18,Sin créditos / Todos pagados,Muebles/Equipo,3244,< 100 DM,1 - 4 años,1,Mujer: divorciada/separada/casada,Ninguno,4,Auto u otro,33,Banco,Propia,2,Empleado calificado / oficial,1,Sí,Sí,Buen Pagador
Sin cuenta,24,Créditos existentes pagados hasta ahora,Negocios,4591,>= 1000 DM,1 - 4 años,2,Hombre: soltero,Ninguno,3,Seguro de vida / Ahorro para vivienda,54,Ninguno,Propia,3,Gerencia / Autoempleado / Altamente calificado,1,Sí,Sí,Mal Pagador
0 - 200 DM,48,Sin créditos / Todos pagados,Negocios,3844,100 - 500 DM,4 - 7 años,4,Hombre: soltero,Ninguno,4,Desconocido / Sin propiedad,34,Ninguno,Gratis,1,No calificado - residente,2,No,Sí,Mal Pagador
0 - 200 DM,27,Créditos existentes pagados hasta ahora,Negocios,3915,< 100 DM,1 - 4 años,4,Hombre: soltero,Ninguno,2,Auto u otro,36,Ninguno,Propia,1,Empleado calificado / oficial,2,Sí,Sí,Mal Pagador
Sin cuenta,6,Créditos existentes pagados hasta ahora,Radio/TV,2108,< 100 DM,4 - 7 años,2,Hombre: casado/viudo,Ninguno,2,Bienes raíces,29,Ninguno,Alquiler,1,Empleado calificado / oficial,1,No,Sí,Buen Pagador
0 - 200 DM,45,Créditos existentes pagados hasta ahora,Radio/TV,3031,100 - 500 DM,1 - 4 años,4,Hombre: soltero,Garante,4,Seguro de vida / Ahorro para vivienda,21,Ninguno,Alquiler,1,Empleado calificado / oficial,1,No,Sí,Mal Pagador
0 - 200 DM,9,Cuenta crítica / Otros créditos,Educación,1501,< 100 DM,>= 7 años,2,Mujer: divorciada/separada/casada,Ninguno,3,Auto u otro,34,Ninguno,Propia,2,Gerencia / Autoempleado / Altamente calificado,1,Sí,Sí,Mal Pagador
Sin cuenta,6,Cuenta crítica / Otros créditos,Radio/TV,1382,< 100 DM,1 - 4 años,1,Mujer: divorciada/separada/casada,Ninguno,1,Auto u otro,28,Ninguno,Propia,2,Empleado calificado / oficial,1,Sí,Sí,Buen Pagador
0 - 200 DM,12,Créditos existentes pagados hasta ahora,Muebles/Equipo,951,100 - 500 DM,< 1 año,4,Mujer: divorciada/separada/casada,Ninguno,4,Auto u otro,27,Banco,Alquiler,4,Empleado calificado / oficial,1,No,Sí,Mal Pagador
0 - 200 DM,24,Créditos existentes pagados hasta ahora,Auto (usado),2760,Desconocido / Sin ahorros,>= 7 años,4,Hombre: soltero,Ninguno,4,Desconocido / Sin propiedad,36,Banco,Gratis,1,Empleado calificado / oficial,1,Sí,Sí,Buen Pagador
0 - 200 DM,18,Retraso en pagos en el pasado,Muebles/Equipo,4297,< 100 DM,>= 7 años,4,Hombre: divorciado/separado,Ninguno,3,Desconocido / Sin propiedad,40,Ninguno,Propia,1,Gerencia / Autoempleado / Altamente calificado,1,Sí,Sí,Mal Pagador
Sin cuenta,9,Cuenta crítica / Otros créditos,Educación,936,500 - 1000 DM,>= 7 años,4,Hombre: soltero,Ninguno,2,Auto u otro,52,Ninguno,Propia,2,Empleado calificado / oficial,1,Sí,Sí,Buen Pagador
< 0 DM,12,Créditos existentes pagados hasta ahora,Auto (nuevo),1168,< 100 DM,1 - 4 años,4,Hombre: casado/viudo,Ninguno,3,Bienes raíces,27,Ninguno,Propia,1,No calificado - residente,1,No,Sí,Buen Pagador
Sin cuenta,27,Retraso en pagos en el pasado,Negocios,5117,< 100 DM,4 - 7 años,3,Hombre: soltero,Ninguno,4,Auto u otro,26,Ninguno,Propia,2,Empleado calificado / oficial,1,No,Sí,Buen Pagador
< 0 DM,12,Créditos existentes pagados hasta ahora,Recapacitación,902,< 100 DM,4 - 7 años,4,Hombre: casado/viudo,Ninguno,4,Seguro de vida / Ahorro para vivienda,21,Ninguno,Alquiler,1,Empleado calificado / oficial,1,No,Sí,Mal Pagador
Sin cuenta,12,Cuenta crítica / Otros créditos,Auto (nuevo),1495,< 100 DM,>= 7 años,4,Hombre: soltero,Ninguno,1,Bienes raíces,38,Ninguno,Propia,2,No calificado - residente,2,No,Sí,Buen Pagador
< 0 DM,30,Cuenta crítica / Otros créditos,Auto (usado),10623,< 100 DM,>= 7 años,3,Hombre: soltero,Ninguno,4,Desconocido / Sin propiedad,38,Ninguno,Gratis,3,Gerencia / Autoempleado / Altamente calificado,2,Sí,Sí,Buen Pagador
Sin cuenta,12,Cuenta crítica / Otros créditos,Muebles/Equipo,1935,< 100 DM,>= 7 años,4,Hombre: soltero,Ninguno,4,Bienes raíces,43,Ninguno,Propia,3,Empleado calificado / oficial,1,Sí,Sí,Buen Pagador
0 - 200 DM,12,Cuenta crítica / Otros créditos,Electrodomésticos,1424,< 100 DM,4 - 7 años,4,Hombre: soltero,Ninguno,3,Seguro de vida / Ahorro para vivienda,26,Ninguno,Propia,1,Empleado calificado / oficial,1,No,Sí,Buen Pagador
< 0 DM,24,Créditos existentes pagados hasta ahora,Negocios,6568,< 100 DM,1 - 4 años,2,Hombre: casado/viudo,Ninguno,2,Auto u otro,21,Tiendas,Propia,1,No calificado - residente,1,No,Sí,Buen Pagador
Sin cuenta,12,Créditos existentes pagados hasta ahora,Auto (usado),1413,>= 1000 DM,4 - 7 años,3,Hombre: soltero,Ninguno,2,Seguro de vida / Ahorro para vivienda,55,Ninguno,Propia,1,Empleado calificado / oficial,1,No,No,Buen Pagador
Sin cuenta,9,Cuenta crítica / Otros créditos,Radio/TV,3074,Desconocido / Sin ahorros,1 - 4 años,1,Hombre: soltero,Ninguno,2,Bienes raíces,33,Ninguno,Propia,2,Empleado calificado / oficial,2,No,Sí,Buen Pagador
Sin cuenta,36,Créditos existentes pagados hasta ahora,Radio/TV,3835,Desconocido / Sin ahorros,>= 7 años,2,Mujer: divorciada/separada/casada,Ninguno,4,Bienes raíces,45,Ninguno,Propia,1,No calificado - residente,1,Sí,Sí,Buen Pagador
< 0 DM,27,Sin créditos / Todos pagados,Negocios,5293,< 100 DM,Desempleado,2,Hombre: soltero,Ninguno,4,Seguro de vida / Ahorro para vivienda,50,Tiendas,Propia,2,Empleado calificado / oficial,1,Sí,Sí,Mal Pagador
>= 200 DM,30,Retraso en pagos en el pasado,Negocios,1908,< 100 DM,>= 7 años,4,Hombre: soltero,Ninguno,4,Bienes raíces,66,Ninguno,Propia,1,Gerencia / Autoempleado / Altamente calificado,1,Sí,Sí,Mal Pagador
Sin cuenta,36,Cuenta crítica / Otros créditos,Radio/TV,3342,Desconocido / Sin ahorros,>= 7 años,4,Hombre: soltero,Ninguno,2,Auto u otro,51,Ninguno,Propia,1,Empleado calificado / oficial,1,Sí,Sí,Buen Pagador
0 - 200 DM,6,Cuenta crítica / Otros créditos,Recapacitación,932,Desconocido / Sin ahorros,4 - 7 años,1,Mujer: divorciada/separada/casada,Ninguno,3,Seguro de vida / Ahorro para vivienda,39,Ninguno,Propia,2,No calificado - residente,1,No,Sí,Buen Pagador
< 0 DM,18,Sin créditos / Todos pagados,Negocios,3104,< 100 DM,4 - 7 años,3,Hombre: soltero,Ninguno,1,Seguro de vida / Ahorro para vivienda,31,Banco,Propia,1,Empleado calificado / oficial,1,Sí,Sí,Buen Pagador
>= 200 DM,36,Créditos existentes pagados hasta ahora,Radio/TV,3913,< 100 DM,1 - 4 años,2,Hombre: soltero,Ninguno,2,Bienes raíces,23,Ninguno,Propia,1,Empleado calificado / oficial,1,Sí,Sí,Buen Pagador
< 0 DM,24,Créditos existentes pagados hasta ahora,Muebles/Equipo,3021,< 100 DM,1 - 4 años,2,Hombre: divorciado/separado,Ninguno,2,Bienes raíces,24,Ninguno,Alquiler,1,No calificado - residente,1,No,Sí,Buen Pagador
Sin cuenta,10,Créditos existentes pagados hasta ahora,Auto (nuevo),1364,< 100 DM,1 - 4 años,2,Mujer: divorciada/separada/casada,Ninguno,4,Auto u otro,64,Ninguno,Propia,1,Empleado calificado / oficial,1,Sí,Sí,Buen Pagador
0 - 200 DM,12,Créditos existentes pagados hasta ahora,Radio/TV,625,< 100 DM,< 1 año,4,Hombre: casado/viudo,Garante,1,Bienes raíces,26,Banco,Propia,1,No calificado - residente,1,No,Sí,Buen Pagador
< 0 DM,12,Créditos existentes pagados hasta ahora,Educación,1200,Desconocido / Sin ahorros,1 - 4 años,4,Mujer: divorciada/separada/casada,Ninguno,4,Seguro de vida / Ahorro para vivienda,23,Banco,Alquiler,1,Empleado calificado / oficial,1,Sí,Sí,Buen Pagador
Sin cuenta,12,Créditos existentes pagados hasta ahora,Radio/TV,707,< 100 DM,1 - 4 años,4,Hombre: soltero,Ninguno,2,Bienes raíces,30,Banco,Propia,2,Empleado calificado / oficial,1,No,Sí,Buen Pagador
Sin cuenta,24,Retraso en pagos en el pasado,Negocios,2978,Desconocido / Sin ahorros,1 - 4 años,4,Hombre: soltero,Ninguno,4,Bienes raíces,32,Ninguno,Propia,2,Empleado calificado / oficial,2,Sí,Sí,Buen Pagador
Sin cuenta,15,Créditos existentes pagados hasta ahora,Auto (usado),4657,< 100 DM,1 - 4 años,3,Hombre: soltero,Ninguno,2,Auto u otro,30,Ninguno,Propia,1,Empleado calificado / oficial,1,Sí,Sí,Buen Pagador
Sin cuenta,36,Sin créditos / Todos pagados,Reparaciones,2613,< 100 DM,1 - 4 años,4,Hombre: soltero,Ninguno,2,Auto u otro,27,Ninguno,Propia,2,Empleado calificado / oficial,1,No,Sí,Buen Pagador
0 - 200 DM,48,Créditos existentes pagados hasta ahora,Radio/TV,10961,>= 1000 DM,4 - 7 años,1,Hombre: soltero,Co-solicitante,2,Desconocido / Sin propiedad,27,Banco,Propia,2,Empleado calificado / oficial,1,Sí,Sí,Mal Pagador
< 0 DM,12,Créditos existentes pagados hasta ahora,Muebles/Equipo,7865,< 100 DM,>= 7 años,4,Hombre: soltero,Ninguno,4,Desconocido / Sin propiedad,53,Ninguno,Gratis,1,Gerencia / Autoempleado / Altamente calificado,1,Sí,Sí,Mal Pagador
Sin cuenta,9,Créditos existentes pagados hasta ahora,Radio/TV,1478,< 100 DM,4 - 7 años,4,Hombre: soltero,Ninguno,2,Auto u otro,22,Ninguno,Propia,1,Empleado calificado / oficial,1,No,Sí,Mal Pagador
< 0 DM,24,Créditos existentes pagados hasta ahora,Muebles/Equipo,3149,< 100 DM,< 1 año,4,Hombre: soltero,Ninguno,1,Desconocido / Sin propiedad,22,Banco,Gratis,1,Empleado calificado / oficial,1,No,Sí,Buen Pagador
>= 200 DM,36,Créditos existentes pagados hasta ahora,Radio/TV,4210,< 100 DM,1 - 4 años,4,Hombre: soltero,Ninguno,2,Auto u otro,26,Ninguno,Propia,1,Empleado calificado / oficial,1,No,Sí,Mal Pagador
Sin cuenta,9,Créditos existentes pagados hasta ahora,Auto (nuevo),2507,500 - 1000 DM,>= 7 años,2,Hombre: soltero,Ninguno,4,Desconocido / Sin propiedad,51,Ninguno,Gratis,1,No calificado - residente,1,No,Sí,Buen Pagador
Sin cuenta,12,Créditos existentes pagados hasta ahora,Radio/TV,2141,100 - 500 DM,4 - 7 años,3,Hombre: soltero,Ninguno,1,Desconocido / Sin propiedad,35,Ninguno,Propia,1,Empleado calificado / oficial,1,No,Sí,Buen Pagador
0 - 200 DM,18,Créditos existentes pagados hasta ahora,Radio/TV,866,< 100 DM,1 - 4 años,4,Hombre: casado/viudo,Garante,2,Bienes raíces,25,Ninguno,Propia,1,No calificado - residente,1,No,Sí,Buen Pagador
Sin cuenta,4,Cuenta crítica / Otros créditos,Radio/TV,1544,< 100 DM,4 - 7 años,2,Hombre: soltero,Ninguno,1,Bienes raíces,42,Ninguno,Propia,3,No calificado - residente,2,No,Sí,Buen Pagador
< 0 DM,24,Créditos existentes pagados hasta ahora,Radio/TV,1823,< 100 DM,Desempleado,4,Hombre: soltero,Ninguno,2,Auto u otro,30,Tiendas,Propia,1,Gerencia / Autoempleado / Altamente calificado,2,No,Sí,Mal Pagador
0 - 200 DM,6,Créditos existentes pagados hasta ahora,Auto (nuevo),14555,Desconocido / Sin ahorros,Desempleado,1,Hombre: soltero,Ninguno,2,Seguro de vida / Ahorro para vivienda,23,Ninguno,Propia,1,No calificado - no residente,1,Sí,Sí,Mal Pagador
0 - 200 DM,21,Créditos existentes pagados hasta ahora,Negocios,2767,100 - 500 DM,>= 7 años,4,Hombre: divorciado/separado,Ninguno,2,Auto u otro,61,Banco,Alquiler,2,No calificado - residente,1,No,Sí,Mal Pagador
Sin cuenta,12,Cuenta crítica / Otros créditos,Radio/TV,1291,< 100 DM,1 - 4 años,4,Mujer: divorciada/separada/casada,Ninguno,2,Seguro de vida / Ahorro para vivienda,35,Ninguno,Propia,2,Empleado calificado / oficial,1,No,Sí,Buen Pagador
< 0 DM,30,Créditos existentes pagados hasta ahora,Radio/TV,2522,< 100 DM,>= 7 años,1,Hombre: soltero,Garante,3,Seguro de vida / Ahorro para vivienda,39,Ninguno,Propia,1,Empleado calificado / oficial,2,No,Sí,Buen Pagador
< 0 DM,24,Créditos existentes pagados hasta ahora,Auto (nuevo),915,Desconocido / Sin ahorros,>= 7 años,4,Mujer: divorciada/separada/casada,Ninguno,2,Auto u otro,29,Banco,Propia,1,Empleado calificado / oficial,1,No,Sí,Mal Pagador
Sin cuenta,6,Créditos existentes pagados hasta ahora,Radio/TV,1595,< 100 DM,4 - 7 años,3,Hombre: soltero,Ninguno,2,Seguro de vida / Ahorro para vivienda,51,Ninguno,Propia,1,Empleado calificado / oficial,2,No,Sí,Buen Pagador
< 0 DM,48,Sin créditos / Todos pagados,Auto (usado),4605,< 100 DM,>= 7 años,3,Hombre: soltero,Ninguno,4,Desconocido / Sin propiedad,24,Ninguno,Gratis,2,Empleado calificado / oficial,2,No,Sí,Mal Pagador
Sin cuenta,12,Cuenta crítica / Otros créditos,Negocios,1185,< 100 DM,1 - 4 años,3,Mujer: divorciada/separada/casada,Ninguno,2,Bienes raíces,27,Ninguno,Propia,2,Empleado calificado / oficial,1,No,Sí,Buen Pagador
Sin cuenta,12,Todos los créditos en este banco pagados,Recapacitación,3447,500 - 1000 DM,1 - 4 años,4,Mujer: divorciada/separada/casada,Ninguno,3,Bienes raíces,35,Ninguno,Propia,1,No calificado - residente,2,No,Sí,Buen Pagador
Sin cuenta,24,Créditos existentes pagados hasta ahora,Negocios,1258,< 100 DM,4 - 7 años,4,Hombre: soltero,Ninguno,1,Bienes raíces,25,Ninguno,Propia,1,Empleado calificado / oficial,1,Sí,Sí,Buen Pagador
Sin cuenta,12,Cuenta crítica / Otros créditos,Radio/TV,717,< 100 DM,>= 7 años,4,Hombre: soltero,Ninguno,4,Bienes raíces,52,Ninguno,Propia,3,Empleado calificado / oficial,1,No,Sí,Buen Pagador
Sin cuenta,6,Sin créditos / Todos pagados,Auto (nuevo),1204,100 - 500 DM,1 - 4 años,4,Hombre: soltero,Ninguno,1,Desconocido / Sin propiedad,35,Banco,Alquiler,1,Empleado calificado / oficial,1,No,No,Buen Pagador
>= 200 DM,24,Créditos existentes pagados hasta ahora,Muebles/Equipo,1925,< 100 DM,1 - 4 años,2,Hombre: soltero,Ninguno,2,Bienes raíces,26,Ninguno,Propia,1,Empleado calificado / oficial,1,No,Sí,Buen Pagador
Sin cuenta,18,Créditos existentes pagados hasta ahora,Radio/TV,433,< 100 DM,Desempleado,3,Mujer: divorciada/separada/casada,Co-solicitante,4,Bienes raíces,22,Ninguno,Alquiler,1,Empleado calificado / oficial,1,No,Sí,Mal Pagador
< 0 DM,6,Cuenta crítica / Otros créditos,Auto (nuevo),666,>= 1000 DM,4 - 7 años,3,Mujer: divorciada/separada/casada,Ninguno,4,Bienes raíces,39,Ninguno,Propia,2,No calificado - residente,1,Sí,Sí,Buen Pagador
>= 200 DM,12,Créditos existentes pagados hasta ahora,Muebles/Equipo,2251,< 100 DM,1 - 4 años,1,Mujer: divorciada/separada/casada,Ninguno,2,Auto u otro,46,Ninguno,Propia,1,No calificado - residente,1,No,Sí,Buen Pagador
0 - 200 DM,30,Créditos existentes pagados hasta ahora,Auto (nuevo),2150,< 100 DM,1 - 4 años,4,Mujer: divorciada/separada/casada,Garante,2,Desconocido / Sin propiedad,24,Banco,Propia,1,Empleado calificado / oficial,1,No,Sí,Mal Pagador
Sin cuenta,24,Retraso en pagos en el pasado,Muebles/Equipo,4151,100 - 500 DM,1 - 4 años,2,Hombre: soltero,Ninguno,3,Seguro de vida / Ahorro para vivienda,35,Ninguno,Propia,2,Empleado calificado / oficial,1,No,Sí,Buen Pagador
0 - 200 DM,9,Créditos existentes pagados hasta ahora,Muebles/Equipo,2030,Desconocido / Sin ahorros,4 - 7 años,2,Hombre: soltero,Ninguno,1,Auto u otro,24,Ninguno,Propia,1,Empleado calificado / oficial,1,Sí,Sí,Buen Pagador
0 - 200 DM,60,Retraso en pagos en el pasado,Radio/TV,7418,Desconocido / Sin ahorros,1 - 4 años,1,Hombre: soltero,Ninguno,1,Bienes raíces,27,Ninguno,Propia,1,No calificado - residente,1,No,Sí,Buen Pagador
Sin cuenta,24,Cuenta crítica / Otros créditos,Radio/TV,2684,< 100 DM,1 - 4 años,4,Hombre: soltero,Ninguno,2,Bienes raíces,35,Ninguno,Propia,2,No calificado - residente,1,No,Sí,Buen Pagador
< 0 DM,12,Todos los créditos en este banco pagados,Radio/TV,2149,< 100 DM,1 - 4 años,4,Hombre: divorciado/separado,Ninguno,1,Desconocido / Sin propiedad,29,Ninguno,Gratis,1,Empleado calificado / oficial,1,No,Sí,Mal Pagador
Sin cuenta,15,Créditos existentes pagados hasta ahora,Auto (usado),3812,100 - 500 DM,< 1 año,1,Mujer: divorciada/separada/casada,Ninguno,4,Auto u otro,23,Ninguno,Propia,1,Empleado calificado / oficial,1,Sí,Sí,Buen Pagador
Sin cuenta,11,Cuenta crítica / Otros créditos,Radio/TV,1154,100 - 500 DM,Desempleado,4,Mujer: divorciada/separada/casada,Ninguno,4,Bienes raíces,57,Ninguno,Propia,3,No calificado - residente,1,No,Sí,Buen Pagador
< 0 DM,12,Créditos existentes pagados hasta ahora,Muebles/Equipo,1657,< 100 DM,1 - 4 años,2,Hombre: soltero,Ninguno,2,Bienes raíces,27,Ninguno,Propia,1,Empleado calificado / oficial,1,No,Sí,Buen Pagador
< 0 DM,24,Créditos existentes pagados hasta ahora,Radio/TV,1603,< 100 DM,>= 7 años,4,Mujer: divorciada/separada/casada,Ninguno,4,Auto u otro,55,Ninguno,Propia,1,Empleado calificado / oficial,1,No,Sí,Buen Pagador
< 0 DM,18,Cuenta crítica / Otros créditos,Auto (nuevo),5302,< 100 DM,>= 7 años,2,Hombre: soltero,Ninguno,4,Desconocido / Sin propiedad,36,Ninguno,Gratis,3,Gerencia / Autoempleado / Altamente calificado,1,Sí,Sí,Buen Pagador
Sin cuenta,12,Cuenta crítica / Otros créditos,Educación,2748,< 100 DM,>= 7 años,2,Mujer: divorciada/separada/casada,Ninguno,4,Desconocido / Sin propiedad,57,Banco,Gratis,3,No calificado - residente,1,No,Sí,Buen Pagador
Sin cuenta,10,Cuenta crítica / Otros créditos,Auto (nuevo),1231,< 100 DM,>= 7 años,3,Hombre: soltero,Ninguno,4,Bienes raíces,32,Ninguno,Propia,2,No calificado - residente,2,No,No,Buen Pagador
0 - 200 DM,15,Créditos existentes pagados hasta ahora,Radio/TV,802,< 100 DM,>= 7 años,4,Hombre: soltero,Ninguno,3,Auto u otro,37,Ninguno,Propia,1,Empleado calificado / oficial,2,No,Sí,Mal Pagador
Sin cuenta,36,Cuenta crítica / Otros créditos,Negocios,6304,Desconocido / Sin ahorros,>= 7 años,4,Hombre: soltero,Ninguno,4,Bienes raíces,36,Ninguno,Propia,2,Empleado calificado / oficial,1,No,Sí,Buen Pagador
Sin cuenta,24,Créditos existentes pagados hasta ahora,Radio/TV,1533,< 100 DM,< 1 año,4,Mujer: divorciada/separada/casada,Ninguno,3,Auto u otro,38,Tiendas,Propia,1,Empleado calificado / oficial,1,Sí,Sí,Buen Pagador
< 0 DM,14,Créditos existentes pagados hasta ahora,Auto (nuevo),8978,< 100 DM,>= 7 años,1,Hombre: divorciado/separado,Ninguno,4,Seguro de vida / Ahorro para vivienda,45,Ninguno,Propia,1,Gerencia / Autoempleado / Altamente calificado,1,Sí,No,Mal Pagador
Sin cuenta,24,Créditos existentes pagados hasta ahora,Radio/TV,999,Desconocido / Sin ahorros,>= 7 años,4,Hombre: soltero,Ninguno,2,Auto u otro,25,Ninguno,Propia,2,Empleado calificado / oficial,1,No,Sí,Buen Pagador
Sin cuenta,18,Créditos existentes pagados hasta ahora,Auto (nuevo),2662,Desconocido / Sin ahorros,4 - 7 años,4,Hombre: soltero,Ninguno,3,Seguro de vida / Ahorro para vivienda,32,Ninguno,Propia,1,Empleado calificado / oficial,1,No,No,Buen Pagador
Sin cuenta,12,Cuenta crítica / Otros créditos,Muebles/Equipo,1402,500 - 1000 DM,4 - 7 años,3,Mujer: divorciada/separada/casada,Ninguno,4,Auto u otro,37,Ninguno,Alquiler,1,Empleado calificado / oficial,1,Sí,Sí,Buen Pagador
0 - 200 DM,48,Todos los créditos en este banco pagados,Auto (nuevo),12169,Desconocido / Sin ahorros,Desempleado,4,Hombre: soltero,Co-solicitante,4,Desconocido / Sin propiedad,36,Ninguno,Gratis,1,Gerencia / Autoempleado / Altamente calificado,1,Sí,Sí,Buen Pagador
0 - 200 DM,48,Créditos existentes pagados hasta ahora,Radio/TV,3060,< 100 DM,4 - 7 años,4,Hombre: soltero,Ninguno,4,Bienes raíces,28,Ninguno,Propia,2,Empleado calificado / oficial,1,No,Sí,Mal Pagador
< 0 DM,30,Créditos existentes pagados hasta ahora,Reparaciones,11998,< 100 DM,< 1 año,1,Hombre: divorciado/separado,Ninguno,1,Desconocido / Sin propiedad,34,Ninguno,Propia,1,No calificado - residente,1,Sí,Sí,Mal Pagador
Sin cuenta,9,Créditos existentes pagados hasta ahora,Radio/TV,2697,< 100 DM,1 - 4 años,1,Hombre: soltero,Ninguno,2,Bienes raíces,32,Ninguno,Propia,1,Empleado calificado / oficial,2,No,Sí,Buen Pagador
Sin cuenta,18,Cuenta crítica / Otros créditos,Radio/TV,2404,< 100 DM,1 - 4 años,2,Mujer: divorciada/separada/casada,Ninguno,2,Auto u otro,26,Ninguno,Propia,2,Empleado calificado / oficial,1,No,Sí,Buen Pagador
< 0 DM,12,Créditos existentes pagados hasta ahora,Muebles/Equipo,1262,Desconocido / Sin ahorros,>= 7 años,2,Hombre: divorciado/separado,Ninguno,4,Seguro de vida / Ahorro para vivienda,49,Ninguno,Propia,1,No calificado - residente,1,Sí,Sí,Buen Pagador
Sin cuenta,6,Créditos existentes pagados hasta ahora,Muebles/Equipo,4611,< 100 DM,< 1 año,1,Mujer: divorciada/separada/casada,Ninguno,4,Seguro de vida / Ahorro para vivienda,32,Ninguno,Propia,1,Empleado calificado / oficial,1,No,Sí,Mal Pagador
Sin cuenta,24,Créditos existentes pagados hasta ahora,Radio/TV,1901,100 - 500 DM,1 - 4 años,4,Hombre: soltero,Ninguno,4,Auto u otro,29,Ninguno,Alquiler,1,Gerencia / Autoempleado / Altamente calificado,1,Sí,Sí,Buen Pagador
Sin cuenta,15,Cuenta crítica / Otros créditos,Auto (usado),3368,>= 1000 DM,>= 7 años,3,Hombre: soltero,Ninguno,4,Desconocido / Sin propiedad,23,Ninguno,Alquiler,2,Empleado calificado / oficial,1,Sí,Sí,Buen Pagador
Sin cuenta,12,Créditos existentes pagados hasta ahora,Muebles/Equipo,1574,< 100 DM,1 - 4 años,4,Hombre: soltero,Ninguno,2,Bienes raíces,50,Ninguno,Propia,1,Empleado calificado / oficial,1,No,Sí,Buen Pagador
>= 200 DM,18,Todos los créditos en este banco pagados,Radio/TV,1445,Desconocido / Sin ahorros,4 - 7 años,4,Hombre: soltero,Ninguno,4,Auto u otro,49,Banco,Propia,1,No calificado - residente,1,No,Sí,Buen Pagador
Sin cuenta,15,Cuenta crítica / Otros créditos,Muebles/Equipo,1520,Desconocido / Sin ahorros,>= 7 años,4,Hombre: soltero,Ninguno,4,Seguro de vida / Ahorro para vivienda,63,Ninguno,Propia,1,Empleado calificado / oficial,1,No,Sí,Buen Pagador
0 - 200 DM,24,Cuenta crítica / Otros créditos,Auto (nuevo),3878,100 - 500 DM,< 1 año,4,Hombre: divorciado/separado,Ninguno,2,Auto u otro,37,Ninguno,Propia,1,Empleado calificado / oficial,1,Sí,Sí,Buen Pagador
< 0 DM,47,Créditos existentes pagados hasta ahora,Auto (nuevo),10722,< 100 DM,< 1 año,1,Mujer: divorciada/separada/casada,Ninguno,1,Bienes raíces,35,Ninguno,Propia,1,No calificado - residente,1,Sí,Sí,Buen Pagador
< 0 DM,48,Créditos existentes pagados hasta ahora,Auto (usado),4788,< 100 DM,4 - 7 años,4,Hombre: soltero,Ninguno,3,Seguro de vida / Ahorro para vivienda,26,Ninguno,Propia,1,Empleado calificado / oficial,2,No,Sí,Buen Pagador
0 - 200 DM,48,Retraso en pagos en el pasado,Otros,7582,100 - 500 DM,Desempleado,2,Hombre: soltero,Ninguno,4,Desconocido / Sin propiedad,31,Ninguno,Gratis,1,Gerencia / Autoempleado / Altamente calificado,1,Sí,Sí,Buen Pagador
0 - 200 DM,12,Créditos existentes pagados hasta ahora,Radio/TV,1092,< 100 DM,1 - 4 años,4,Mujer: divorciada/separada/casada,Garante,4,Bienes raíces,49,Ninguno,Propia,2,Empleado calificado / oficial,1,Sí,Sí,Buen Pagador
< 0 DM,24,Retraso en pagos en el pasado,Radio/TV,1024,< 100 DM,< 1 año,4,Hombre: casado/viudo,Ninguno,4,Bienes raíces,48,Tiendas,Propia,1,Empleado calificado / oficial,1,No,Sí,Mal Pagador
Sin cuenta,12,Créditos existentes pagados hasta ahora,Negocios,1076,< 100 DM,1 - 4 años,2,Hombre: casado/viudo,Ninguno,2,Bienes raíces,26,Ninguno,Propia,1,Empleado calificado / oficial,1,Sí,No,Buen Pagador
0 - 200 DM,36,Créditos existentes pagados hasta ahora,Auto (usado),9398,< 100 DM,< 1 año,1,Hombre: casado/viudo,Ninguno,4,Auto u otro,28,Ninguno,Alquiler,1,Gerencia / Autoempleado / Altamente calificado,1,Sí,Sí,Mal Pagador
< 0 DM,24,Cuenta crítica / Otros créditos,Auto (usado),6419,< 100 DM,>= 7 años,2,Mujer: divorciada/separada/casada,Ninguno,4,Desconocido / Sin propiedad,44,Ninguno,Gratis,2,Gerencia / Autoempleado / Altamente calificado,2,Sí,Sí,Buen Pagador
>= 200 DM,42,Cuenta crítica / Otros créditos,Auto (usado),4796,< 100 DM,>= 7 años,4,Hombre: soltero,Ninguno,4,Desconocido / Sin propiedad,56,Ninguno,Gratis,1,Empleado calificado / oficial,1,No,Sí,Buen Pagador
Sin cuenta,48,Cuenta crítica / Otros créditos,Negocios,7629,Desconocido / Sin ahorros,>= 7 años,4,Hombre: divorciado/separado,Ninguno,2,Auto u otro,46,Banco,Propia,2,Gerencia / Autoempleado / Altamente calificado,2,No,Sí,Buen Pagador
0 - 200 DM,48,Créditos existentes pagados hasta ahora,Muebles/Equipo,9960,< 100 DM,< 1 año,1,Mujer: divorciada/separada/casada,Ninguno,2,Auto u otro,26,Ninguno,Propia,1,Empleado calificado / oficial,1,Sí,Sí,Mal Pagador
Sin cuenta,12,Créditos existentes pagados hasta ahora,Auto (usado),4675,Desconocido / Sin ahorros,< 1 año,1,Mujer: divorciada/separada/casada,Ninguno,4,Auto u otro,20,Ninguno,Alquiler,1,Empleado calificado / oficial,1,No,Sí,Buen Pagador
Sin cuenta,10,Créditos existentes pagados hasta ahora,Auto (nuevo),1287,Desconocido / Sin ahorros,>= 7 años,4,Hombre: soltero,Co-solicitante,2,Seguro de vida / Ahorro para vivienda,45,Ninguno,Propia,1,No calificado - residente,1,No,No,Buen Pagador
Sin cuenta,18,Créditos existentes pagados hasta ahora,Muebles/Equipo,2515,< 100 DM,1 - 4 años,3,Hombre: soltero,Ninguno,4,Bienes raíces,43,Ninguno,Propia,1,Empleado calificado / oficial,1,Sí,Sí,Buen Pagador
0 - 200 DM,21,Cuenta crítica / Otros créditos,Muebles/Equipo,2745,>= 1000 DM,4 - 7 años,3,Hombre: soltero,Ninguno,2,Auto u otro,32,Ninguno,Propia,2,Empleado calificado / oficial,1,Sí,Sí,Buen Pagador
Sin cuenta,6,Créditos existentes pagados hasta ahora,Auto (nuevo),672,< 100 DM,Desempleado,1,Mujer: divorciada/separada/casada,Ninguno,4,Bienes raíces,54,Ninguno,Propia,1,No calificado - no residente,1,Sí,Sí,Buen Pagador
0 - 200 DM,36,Sin créditos / Todos pagados,Radio/TV,3804,< 100 DM,1 - 4 años,4,Mujer: divorciada/separada/casada,Ninguno,1,Auto u otro,42,Ninguno,Propia,1,Empleado calificado / oficial,1,Sí,Sí,Mal Pagador
>= 200 DM,24,Cuenta crítica / Otros créditos,Auto (nuevo),1344,Desconocido / Sin ahorros,4 - 7 años,4,Hombre: soltero,Ninguno,2,Bienes raíces,37,Banco,Propia,2,No calificado - residente,2,No,Sí,Mal Pagador
< 0 DM,10,Cuenta crítica / Otros créditos,Auto (nuevo),1038,< 100 DM,4 - 7 años,4,Hombre: soltero,Co-solicitante,3,Seguro de vida / Ahorro para vivienda,49,Ninguno,Propia,2,Empleado calificado / oficial,1,Sí,Sí,Buen Pagador
Sin cuenta,48,Cuenta crítica / Otros créditos,Auto (nuevo),10127,500 - 1000 DM,1 - 4 años,2,Hombre: soltero,Ninguno,2,Desconocido / Sin propiedad,44,Banco,Gratis,1,Empleado calificado / oficial,1,No,Sí,Mal Pagador
Sin cuenta,6,Créditos existentes pagados hasta ahora,Muebles/Equipo,1543,>= 1000 DM,1 - 4 años,4,Hombre: divorciado/separado,Ninguno,2,Bienes raíces,33,Ninguno,Propia,1,Empleado calificado / oficial,1,No,Sí,Buen Pagador
Sin cuenta,30,Créditos existentes pagados hasta ahora,Auto (usado),4811,Desconocido / Sin ahorros,4 - 7 años,2,Mujer: divorciada/separada/casada,Ninguno,4,Seguro de vida / Ahorro para vivienda,24,Tiendas,Alquiler,1,No calificado - residente,1,No,Sí,Buen Pagador
< 0 DM,12,Créditos existentes pagados hasta ahora,Radio/TV,727,100 - 500 DM,< 1 año,4,Hombre: casado/viudo,Ninguno,3,Desconocido / Sin propiedad,33,Ninguno,Propia,1,No calificado - residente,1,Sí,Sí,Mal Pagador
0 - 200 DM,8,Créditos existentes pagados hasta ahora,Muebles/Equipo,1237,< 100 DM,1 - 4 años,3,Mujer: divorciada/separada/casada,Ninguno,4,Bienes raíces,24,Ninguno,Propia,1,Empleado calificado / oficial,1,No,Sí,Mal Pagador
0 - 200 DM,9,Créditos existentes pagados hasta ahora,Auto (nuevo),276,< 100 DM,1 - 4 años,4,Hombre: casado/viudo,Ninguno,4,Bienes raíces,22,Ninguno,Alquiler,1,No calificado - residente,1,No,Sí,Buen Pagador
0 - 200 DM,48,Créditos existentes pagados hasta ahora,Otros,5381,Desconocido / Sin ahorros,Desempleado,3,Hombre: soltero,Ninguno,4,Desconocido / Sin propiedad,40,Banco,Gratis,1,No calificado - no residente,1,Sí,Sí,Buen Pagador
Sin cuenta,24,Créditos existentes pagados hasta ahora,Muebles/Equipo,5511,100 - 500 DM,1 - 4 años,4,Hombre: soltero,Ninguno,1,Auto u otro,25,Tiendas,Propia,1,Empleado calificado / oficial,1,No,Sí,Buen Pagador
>= 200 DM,24,Créditos existentes pagados hasta ahora,Muebles/Equipo,3749,< 100 DM,< 1 año,2,Mujer: divorciada/separada/casada,Ninguno,4,Auto u otro,26,Ninguno,Propia,1,Empleado calificado / oficial,1,No,Sí,Buen Pagador
0 - 200 DM,12,Créditos existentes pagados hasta ahora,Auto (nuevo),685,< 100 DM,4 - 7 años,2,Hombre: casado/viudo,Ninguno,3,Auto u otro,25,Banco,Propia,1,No calificado - residente,1,No,Sí,Mal Pagador
>= 200 DM,4,Créditos existentes pagados hasta ahora,Auto (nuevo),1494,Desconocido / Sin ahorros,< 1 año,1,Hombre: soltero,Ninguno,2,Bienes raíces,29,Ninguno,Propia,1,No calificado - residente,2,No,No,Buen Pagador
< 0 DM,36,Todos los créditos en este banco pagados,Muebles/Equipo,2746,< 100 DM,>= 7 años,4,Hombre: soltero,Ninguno,4,Auto u otro,31,Banco,Propia,1,Empleado calificado / oficial,1,No,Sí,Mal Pagador
< 0 DM,12,Créditos existentes pagados hasta ahora,Muebles/Equipo,708,< 100 DM,1 - 4 años,2,Hombre: soltero,Garante,3,Seguro de vida / Ahorro para vivienda,38,Ninguno,Propia,1,No calificado - residente,2,No,Sí,Buen Pagador
0 - 200 DM,24,Créditos existentes pagados hasta ahora,Muebles/Equipo,4351,Desconocido / Sin ahorros,1 - 4 años,1,Mujer: divorciada/separada/casada,Ninguno,4,Seguro de vida / Ahorro para vivienda,48,Ninguno,Propia,1,No calificado - residente,1,Sí,Sí,Buen Pagador
Sin cuenta,12,Cuenta crítica / Otros créditos,Educación,701,< 100 DM,1 - 4 años,4,Hombre: soltero,Ninguno,2,Auto u otro,32,Ninguno,Propia,2,Empleado calificado / oficial,1,No,Sí,Buen Pagador
< 0 DM,15,Retraso en pagos en el pasado,Muebles/Equipo,3643,< 100 DM,>= 7 años,1,Mujer: divorciada/separada/casada,Ninguno,4,Seguro de vida / Ahorro para vivienda,27,Ninguno,Propia,2,No calificado - residente,1,No,Sí,Buen Pagador
0 - 200 DM,30,Cuenta crítica / Otros créditos,Auto (nuevo),4249,< 100 DM,Desempleado,4,Hombre: casado/viudo,Ninguno,2,Auto u otro,28,Ninguno,Propia,2,Gerencia / Autoempleado / Altamente calificado,1,No,Sí,Mal Pagador
< 0 DM,24,Créditos existentes pagados hasta ahora,Radio/TV,1938,< 100 DM,< 1 año,4,Hombre: divorciado/separado,Ninguno,3,Seguro de vida / Ahorro para vivienda,32,Ninguno,Propia,1,Empleado calificado / oficial,1,No,Sí,Mal Pagador
< 0 DM,24,Créditos existentes pagados hasta ahora,Auto (usado),2910,< 100 DM,4 - 7 años,2,Hombre: soltero,Ninguno,1,Desconocido / Sin propiedad,34,Ninguno,Gratis,1,Gerencia / Autoempleado / Altamente calificado,1,Sí,Sí,Buen Pagador
< 0 DM,18,Créditos existentes pagados hasta ahora,Muebles/Equipo,2659,>= 1000 DM,1 - 4 años,4,Hombre: soltero,Ninguno,2,Auto u otro,28,Ninguno,Propia,1,Empleado calificado / oficial,1,No,Sí,Buen Pagador
Sin cuenta,18,Cuenta crítica / Otros créditos,Auto (nuevo),1028,< 100 DM,1 - 4 años,4,Mujer: divorciada/separada/casada,Ninguno,3,Bienes raíces,36,Ninguno,Propia,2,Empleado calificado / oficial,1,No,Sí,Buen Pagador
< 0 DM,8,Cuenta crítica / Otros créditos,Auto (nuevo),3398,< 100 DM,4 - 7 años,1,Hombre: soltero,Ninguno,4,Bienes raíces,39,Ninguno,Propia,2,No calificado - residente,1,No,No,Buen Pagador
Sin cuenta,12,Cuenta crítica / Otros créditos,Muebles/Equipo,5801,Desconocido / Sin ahorros,>= 7 años,2,Hombre: soltero,Ninguno,4,Seguro de vida / Ahorro para vivienda,49,Ninguno,Alquiler,1,Empleado calificado / oficial,1,Sí,Sí,Buen Pagador
Sin cuenta,24,Créditos existentes pagados hasta ahora,Auto (nuevo),1525,>= 1000 DM,4 - 7 años,4,Mujer: divorciada/separada/casada,Ninguno,3,Auto u otro,34,Ninguno,Propia,1,Empleado calificado / oficial,2,Sí,Sí,Buen Pagador
>= 200 DM,36,Créditos existentes pagados hasta ahora,Radio/TV,4473,< 100 DM,>= 7 años,4,Hombre: soltero,Ninguno,2,Auto u otro,31,Ninguno,Propia,1,Empleado calificado / oficial,1,No,Sí,Buen Pagador
0 - 200 DM,6,Créditos existentes pagados hasta ahora,Radio/TV,1068,< 100 DM,>= 7 años,4,Hombre: soltero,Ninguno,4,Auto u otro,28,Ninguno,Propia,1,Empleado calificado / oficial,2,No,Sí,Buen Pagador
< 0 DM,24,Cuenta crítica / Otros créditos,Auto (usado),6615,< 100 DM,Desempleado,2,Hombre: soltero,Ninguno,4,Desconocido / Sin propiedad,75,Ninguno,Gratis,2,Gerencia / Autoempleado / Altamente calificado,1,Sí,Sí,Buen Pagador
Sin cuenta,18,Cuenta crítica / Otros créditos,Educación,1864,100 - 500 DM,1 - 4 años,4,Mujer: divorciada/separada/casada,Ninguno,2,Bienes raíces,30,Ninguno,Propia,2,Empleado calificado / oficial,1,No,Sí,Mal Pagador
0 - 200 DM,60,Créditos existentes pagados hasta ahora,Auto (nuevo),7408,100 - 500 DM,< 1 año,4,Mujer: divorciada/separada/casada,Ninguno,2,Seguro de vida / Ahorro para vivienda,24,Ninguno,Propia,1,Gerencia / Autoempleado / Altamente calificado,1,No,Sí,Mal Pagador
Sin cuenta,48,Cuenta crítica / Otros créditos,Auto (usado),11590,100 - 500 DM,1 - 4 años,2,Mujer: divorciada/separada/casada,Ninguno,4,Auto u otro,24,Banco,Alquiler,2,No calificado - residente,1,No,Sí,Mal Pagador
< 0 DM,24,Sin créditos / Todos pagados,Muebles/Equipo,4110,< 100 DM,>= 7 años,3,Hombre: soltero,Ninguno,4,Desconocido / Sin propiedad,23,Banco,Alquiler,2,Empleado calificado / oficial,2,No,Sí,Mal Pagador
< 0 DM,6,Cuenta crítica / Otros créditos,Muebles/Equipo,3384,< 100 DM,1 - 4 años,1,Hombre: divorciado/separado,Ninguno,4,Bienes raíces,44,Ninguno,Alquiler,1,Gerencia / Autoempleado / Altamente calificado,1,Sí,Sí,Mal Pagador
0 - 200 DM,13,Créditos existentes pagados hasta ahora,Radio/TV,2101,< 100 DM,< 1 año,2,Mujer: divorciada/separada/casada,Garante,4,Seguro de vida / Ahorro para vivienda,23,Ninguno,Propia,1,No calificado - residente,1,No,Sí,Buen Pagador
< 0 DM,15,Créditos existentes pagados hasta ahora,Electrodomésticos,1275,Desconocido / Sin ahorros,1 - 4 años,4,Mujer: divorciada/separada/casada,Ninguno,2,Auto u otro,24,Ninguno,Alquiler,1,Empleado calificado / oficial,1,No,Sí,Mal Pagador
< 0 DM,24,Créditos existentes pagados hasta ahora,Muebles/Equipo,4169,< 100 DM,1 - 4 años,4,Hombre: soltero,Ninguno,4,Seguro de vida / Ahorro para vivienda,28,Ninguno,Propia,1,Empleado calificado / oficial,1,No,Sí,Buen Pagador
0 - 200 DM,10,Créditos existentes pagados hasta ahora,Muebles/Equipo,1521,< 100 DM,1 - 4 años,4,Hombre: divorciado/separado,Ninguno,2,Auto u otro,31,Ninguno,Propia,1,No calificado - residente,1,No,Sí,Buen Pagador
0 - 200 DM,24,Cuenta crítica / Otros créditos,Educación,5743,< 100 DM,< 1 año,2,Mujer: divorciada/separada/casada,Ninguno,4,Desconocido / Sin propiedad,24,Ninguno,Gratis,2,Empleado calificado / oficial,1,Sí,Sí,Buen Pagador
< 0 DM,21,Créditos existentes pagados hasta ahora,Muebles/Equipo,3599,< 100 DM,4 - 7 años,1,Mujer: divorciada/separada/casada,Ninguno,4,Auto u otro,26,Ninguno,Alquiler,1,No calificado - residente,1,No,Sí,Buen Pagador
0 - 200 DM,18,Créditos existentes pagados hasta ahora,Radio/TV,3213,500 - 1000 DM,< 1 año,1,Hombre: casado/viudo,Ninguno,3,Bienes raíces,25,Ninguno,Alquiler,1,Empleado calificado / oficial,1,No,Sí,Buen Pagador
0 - 200 DM,18,Créditos existentes pagados hasta ahora,Negocios,4439,< 100 DM,>= 7 años,1,Hombre: soltero,Co-solicitante,1,Bienes raíces,33,Banco,Propia,1,Gerencia / Autoempleado / Altamente calificado,1,Sí,Sí,Buen Pagador
>= 200 DM,10,Créditos existentes pagados hasta ahora,Auto (nuevo),3949,< 100 DM,< 1 año,1,Hombre: soltero,Garante,1,Seguro de vida / Ahorro para vivienda,37,Ninguno,Propia,1,No calificado - residente,2,No,Sí,Buen Pagador
Sin cuenta,15,Cuenta crítica / Otros créditos,Radio/TV,1459,< 100 DM,1 - 4 años,4,Mujer: divorciada/separada/casada,Ninguno,2,Auto u otro,43,Ninguno,Propia,1,No calificado - residente,1,No,Sí,Buen Pagador
0 - 200 DM,13,Cuenta crítica / Otros créditos,Radio/TV,882,< 100 DM,< 1 año,4,Hombre: soltero,Garante,4,Bienes raíces,23,Ninguno,Propia,2,Empleado calificado / oficial,1,No,Sí,Buen Pagador
0 - 200 DM,24,Créditos existentes pagados hasta ahora,Radio/TV,3758,500 - 1000 DM,Desempleado,1,Mujer: divorciada/separada/casada,Ninguno,4,Desconocido / Sin propiedad,23,Ninguno,Alquiler,1,No calificado - no residente,1,No,Sí,Buen Pagador
Sin cuenta,6,Retraso en pagos en el pasado,Negocios,1743,100 - 500 DM,1 - 4 años,1,Hombre: soltero,Ninguno,2,Bienes raíces,34,Ninguno,Propia,2,No calificado - residente,1,No,Sí,Buen Pagador
0 - 200 DM,9,Cuenta crítica / Otros créditos,Educación,1136,>= 1000 DM,>= 7 años,4,Hombre: soltero,Ninguno,3,Desconocido / Sin propiedad,32,Ninguno,Gratis,2,Empleado calificado / oficial,2,No,Sí,Mal Pagador
Sin cuenta,9,Créditos existentes pagados hasta ahora,Electrodomésticos,1236,< 100 DM,< 1 año,1,Mujer: divorciada/separada/casada,Ninguno,4,Bienes raíces,23,Ninguno,Alquiler,1,Empleado calificado / oficial,1,Sí,Sí,Buen Pagador
0 - 200 DM,9,Créditos existentes pagados hasta ahora,Muebles/Equipo,959,< 100 DM,1 - 4 años,1,Mujer: divorciada/separada/casada,Ninguno,2,Auto u otro,29,Ninguno,Propia,1,Empleado calificado / oficial,1,No,No,Mal Pagador
Sin cuenta,18,Cuenta crítica / Otros créditos,Auto (usado),3229,Desconocido / Sin ahorros,Desempleado,2,Hombre: soltero,Ninguno,4,Desconocido / Sin propiedad,38,Ninguno,Propia,1,Gerencia / Autoempleado / Altamente calificado,1,Sí,Sí,Buen Pagador
< 0 DM,12,Sin créditos / Todos pagados,Radio/TV,6199,< 100 DM,1 - 4 años,4,Hombre: soltero,Ninguno,2,Seguro de vida / Ahorro para vivienda,28,Ninguno,Alquiler,2,Empleado calificado / oficial,1,Sí,Sí,Mal Pagador
Sin cuenta,10,Créditos existentes pagados hasta ahora,Educación,727,500 - 1000 DM,>= 7 años,4,Hombre: soltero,Ninguno,4,Desconocido / Sin propiedad,46,Ninguno,Gratis,1,Empleado calificado / oficial,1,Sí,Sí,Buen Pagador
0 - 200 DM,24,Créditos existentes pagados hasta ahora,Auto (nuevo),1246,< 100 DM,< 1 año,4,Hombre: soltero,Ninguno,2,Bienes raíces,23,Tiendas,Propia,1,No calificado - residente,1,No,Sí,Mal Pagador
Sin cuenta,12,Cuenta crítica / Otros créditos,Radio/TV,2331,Desconocido / Sin ahorros,>= 7 años,1,Hombre: soltero,Co-solicitante,4,Bienes raíces,49,Ninguno,Propia,1,Empleado calificado / oficial,1,Sí,Sí,Buen Pagador
Sin cuenta,36,Retraso en pagos en el pasado,Radio/TV,4463,< 100 DM,1 - 4 años,4,Hombre: soltero,Ninguno,2,Auto u otro,26,Ninguno,Propia,2,Gerencia / Autoempleado / Altamente calificado,1,Sí,Sí,Mal Pagador
Sin cuenta,12,Créditos existentes pagados hasta ahora,Radio/TV,776,< 100 DM,1 - 4 años,4,Hombre: casado/viudo,Ninguno,2,Bienes raíces,28,Ninguno,Propia,1,Empleado calificado / oficial,1,No,Sí,Buen Pagador
< 0 DM,30,Créditos existentes pagados hasta ahora,Muebles/Equipo,2406,< 100 DM,4 - 7 años,4,Mujer: divorciada/separada/casada,Ninguno,4,Bienes raíces,23,Ninguno,Alquiler,1,Empleado calificado / oficial,1,No,Sí,Mal Pagador
0 - 200 DM,18,Créditos existentes pagados hasta ahora,Educación,1239,Desconocido / Sin ahorros,1 - 4 años,4,Hombre: soltero,Ninguno,4,Desconocido / Sin propiedad,61,Ninguno,Gratis,1,Empleado calificado / oficial,1,No,Sí,Buen Pagador
>= 200 DM,12,Créditos existentes pagados hasta ahora,Radio/TV,3399,Desconocido / Sin ahorros,>= 7 años,2,Hombre: soltero,Ninguno,3,Auto u otro,37,Ninguno,Propia,1,Gerencia / Autoempleado / Altamente calificado,1,No,Sí,Buen Pagador
>= 200 DM,12,Retraso en pagos en el pasado,Auto (nuevo),2247,< 100 DM,1 - 4 años,2,Mujer: divorciada/separada/casada,Ninguno,2,Auto u otro,36,Tiendas,Propia,2,Empleado calificado / oficial,1,Sí,Sí,Buen Pagador
Sin cuenta,6,Créditos existentes pagados hasta ahora,Muebles/Equipo,1766,< 100 DM,1 - 4 años,1,Hombre: casado/viudo,Ninguno,2,Seguro de vida / Ahorro para vivienda,21,Ninguno,Alquiler,1,Empleado calificado / oficial,1,No,Sí,Buen Pagador
< 0 DM,18,Créditos existentes pagados hasta ahora,Muebles/Equipo,2473,< 100 DM,Desempleado,4,Hombre: soltero,Ninguno,1,Auto u otro,25,Ninguno,Propia,1,No calificado - no residente,1,No,Sí,Mal Pagador
Sin cuenta,12,Créditos existentes pagados hasta ahora,Negocios,1542,< 100 DM,4 - 7 años,2,Hombre: soltero,Ninguno,4,Auto u otro,36,Ninguno,Propia,1,Empleado calificado / oficial,1,Sí,Sí,Buen Pagador
Sin cuenta,18,Cuenta crítica / Otros créditos,Auto (usado),3850,< 100 DM,4 - 7 años,3,Hombre: soltero,Ninguno,1,Auto u otro,27,Ninguno,Propia,2,Empleado calificado / oficial,1,No,Sí,Buen Pagador
< 0 DM,18,Créditos existentes pagados hasta ahora,Muebles/Equipo,3650,< 100 DM,< 1 año,1,Mujer: divorciada/separada/casada,Ninguno,4,Auto u otro,22,Ninguno,Alquiler,1,Empleado calificado / oficial,1,No,Sí,Buen Pagador
< 0 DM,36,Créditos existentes pagados hasta ahora,Muebles/Equipo,3446,< 100 DM,>= 7 años,4,Hombre: soltero,Ninguno,2,Auto u otro,42,Ninguno,Propia,1,Empleado calificado / oficial,2,No,Sí,Mal Pagador
0 - 200 DM,18,Créditos existentes pagados hasta ahora,Muebles/Equipo,3001,< 100 DM,4 - 7 años,2,Mujer: divorciada/separada/casada,Ninguno,4,Bienes raíces,40,Ninguno,Alquiler,1,Empleado calificado / oficial,1,No,Sí,Buen Pagador
Sin cuenta,36,Créditos existentes pagados hasta ahora,Auto (nuevo),3079,Desconocido / Sin ahorros,1 - 4 años,4,Hombre: soltero,Ninguno,4,Bienes raíces,36,Ninguno,Propia,1,Empleado calificado / oficial,1,No,Sí,Buen Pagador
Sin cuenta,18,Cuenta crítica / Otros créditos,Radio/TV,6070,< 100 DM,>= 7 años,3,Hombre: soltero,Ninguno,4,Auto u otro,33,Ninguno,Propia,2,Empleado calificado / oficial,1,Sí,Sí,Buen Pagador
Sin cuenta,10,Cuenta crítica / Otros créditos,Muebles/Equipo,2146,< 100 DM,< 1 año,1,Mujer: divorciada/separada/casada,Ninguno,3,Bienes raíces,23,Ninguno,Alquiler,2,Empleado calificado / oficial,1,No,Sí,Buen Pagador
Sin cuenta,60,Cuenta crítica / Otros créditos,Auto (nuevo),13756,Desconocido / Sin ahorros,>= 7 años,2,Hombre: soltero,Ninguno,4,Desconocido / Sin propiedad,63,Banco,Gratis,1,Gerencia / Autoempleado / Altamente calificado,1,Sí,Sí,Buen Pagador
0 - 200 DM,60,Todos los créditos en este banco pagados,Otros,14782,100 - 500 DM,>= 7 años,3,Mujer: divorciada/separada/casada,Ninguno,4,Desconocido / Sin propiedad,60,Banco,Gratis,2,Gerencia / Autoempleado / Altamente calificado,1,Sí,Sí,Mal Pagador
< 0 DM,48,Todos los créditos en este banco pagados,Negocios,7685,< 100 DM,4 - 7 años,2,Mujer: divorciada/separada/casada,Garante,4,Auto u otro,37,Ninguno,Alquiler,1,Empleado calificado / oficial,1,No,Sí,Mal Pagador
Sin cuenta,18,Retraso en pagos en el pasado,Radio/TV,2320,< 100 DM,Desempleado,2,Hombre: casado/viudo,Ninguno,3,Bienes raíces,34,Ninguno,Propia,2,Empleado calificado / oficial,1,No,Sí,Buen Pagador
Sin cuenta,7,Retraso en pagos en el pasado,Radio/TV,846,Desconocido / Sin ahorros,>= 7 años,3,Hombre: soltero,Ninguno,4,Desconocido / Sin propiedad,36,Ninguno,Gratis,1,Empleado calificado / oficial,1,No,Sí,Buen Pagador
0 - 200 DM,36,Créditos existentes pagados hasta ahora,Auto (nuevo),14318,< 100 DM,>= 7 años,4,Hombre: soltero,Ninguno,2,Desconocido / Sin propiedad,57,Ninguno,Gratis,1,Gerencia / Autoempleado / Altamente calificado,1,Sí,Sí,Mal Pagador
Sin cuenta,6,Cuenta crítica / Otros créditos,Auto (nuevo),362,100 - 500 DM,1 - 4 años,4,Mujer: divorciada/separada/casada,Ninguno,4,Auto u otro,52,Ninguno,Propia,2,No calificado - residente,1,No,Sí,Buen Pagador
< 0 DM,20,Créditos existentes pagados hasta ahora,Muebles/Equipo,2212,Desconocido / Sin ahorros,4 - 7 años,4,Hombre: soltero,Ninguno,4,Auto u otro,39,Ninguno,Propia,1,Empleado calificado / oficial,1,Sí,Sí,Buen Pagador
0 - 200 DM,18,Créditos existentes pagados hasta ahora,Auto (usado),12976,< 100 DM,Desempleado,3,Mujer: divorciada/separada/casada,Ninguno,4,Desconocido / Sin propiedad,38,Ninguno,Gratis,1,Gerencia / Autoempleado / Altamente calificado,1,Sí,Sí,Mal Pagador
Sin cuenta,22,Créditos existentes pagados hasta ahora,Auto (nuevo),1283,Desconocido / Sin ahorros,4 - 7 años,4,Mujer: divorciada/separada/casada,Ninguno,4,Seguro de vida / Ahorro para vivienda,25,Ninguno,Alquiler,1,Empleado calificado / oficial,1,No,Sí,Buen Pagador
>= 200 DM,12,Créditos existentes pagados hasta ahora,Auto (nuevo),1330,< 100 DM,< 1 año,4,Hombre: soltero,Ninguno,1,Bienes raíces,26,Ninguno,Propia,1,Empleado calificado / oficial,1,No,Sí,Buen Pagador
Sin cuenta,30,Retraso en pagos en el pasado,Negocios,4272,100 - 500 DM,1 - 4 años,2,Hombre: soltero,Ninguno,2,Seguro de vida / Ahorro para vivienda,26,Ninguno,Propia,2,No calificado - residente,1,No,Sí,Buen Pagador
Sin cuenta,18,Cuenta crítica / Otros créditos,Radio/TV,2238,< 100 DM,1 - 4 años,2,Mujer: divorciada/separada/casada,Ninguno,1,Auto u otro,25,Ninguno,Propia,2,Empleado calificado / oficial,1,No,Sí,Buen Pagador
Sin cuenta,18,Créditos existentes pagados hasta ahora,Radio/TV,1126,Desconocido / Sin ahorros,< 1 año,4,Mujer: divorciada/separada/casada,Ninguno,2,Bienes raíces,21,Ninguno,Alquiler,1,Empleado calificado / oficial,1,Sí,Sí,Buen Pagador
0 - 200 DM,18,Cuenta crítica / Otros créditos,Muebles/Equipo,7374,< 100 DM,Desempleado,4,Hombre: soltero,Ninguno,4,Seguro de vida / Ahorro para vivienda,40,Tiendas,Propia,2,Gerencia / Autoempleado / Altamente calificado,1,Sí,Sí,Buen Pagador
0 - 200 DM,15,Cuenta crítica / Otros créditos,Negocios,2326,500 - 1000 DM,1 - 4 años,2,Hombre: soltero,Ninguno,4,Auto u otro,27,Banco,Propia,1,Empleado calificado / oficial,1,No,Sí,Buen Pagador
Sin cuenta,9,Créditos existentes pagados hasta ahora,Negocios,1449,< 100 DM,4 - 7 años,3,Mujer: divorciada/separada/casada,Ninguno,2,Auto u otro,27,Ninguno,Propia,2,Empleado calificado / oficial,1,No,Sí,Buen Pagador
Sin cuenta,18,Créditos existentes pagados hasta ahora,Auto (nuevo),1820,< 100 DM,1 - 4 años,2,Hombre: casado/viudo,Ninguno,2,Seguro de vida / Ahorro para vivienda,30,Ninguno,Propia,1,Gerencia / Autoempleado / Altamente calificado,1,Sí,Sí,Buen Pagador
0 - 200 DM,12,Créditos existentes pagados hasta ahora,Muebles/Equipo,983,>= 1000 DM,< 1 año,1,Mujer: divorciada/separada/casada,Ninguno,4,Bienes raíces,19,Ninguno,Alquiler,1,No calificado - residente,1,No,Sí,Buen Pagador
< 0 DM,36,Créditos existentes pagados hasta ahora,Auto (nuevo),3249,< 100 DM,4 - 7 años,2,Hombre: soltero,Ninguno,4,Desconocido / Sin propiedad,39,Banco,Gratis,1,Gerencia / Autoempleado / Altamente calificado,2,Sí,Sí,Buen Pagador
< 0 DM,6,Cuenta crítica / Otros créditos,Radio/TV,1957,< 100 DM,4 - 7 años,1,Mujer: divorciada/separada/casada,Ninguno,4,Auto u otro,31,Ninguno,Propia,1,Empleado calificado / oficial,1,No,Sí,Buen Pagador
Sin cuenta,9,Cuenta crítica / Otros créditos,Muebles/Equipo,2406,< 100 DM,Desempleado,2,Hombre: soltero,Ninguno,3,Auto u otro,31,Ninguno,Propia,1,Gerencia / Autoempleado / Altamente calificado,1,No,Sí,Buen Pagador
0 - 200 DM,39,Retraso en pagos en el pasado,Educación,11760,100 - 500 DM,4 - 7 años,2,Hombre: soltero,Ninguno,3,Desconocido / Sin propiedad,32,Ninguno,Alquiler,1,Empleado calificado / oficial,1,Sí,Sí,Buen Pagador
< 0 DM,12,Créditos existentes pagados hasta ahora,Muebles/Equipo,2578,< 100 DM,Desempleado,3,Mujer: divorciada/separada/casada,Ninguno,4,Desconocido / Sin propiedad,55,Ninguno,Gratis,1,Gerencia / Autoempleado / Altamente calificado,1,No,Sí,Buen Pagador
< 0 DM,36,Cuenta crítica / Otros créditos,Muebles/Equipo,2348,< 100 DM,1 - 4 años,3,Hombre: casado/viudo,Ninguno,2,Seguro de vida / Ahorro para vivienda,46,Ninguno,Propia,2,Empleado calificado / oficial,1,Sí,Sí,Buen Pagador
0 - 200 DM,12,Créditos existentes pagados hasta ahora,Auto (nuevo),1223,< 100 DM,>= 7 años,1,Hombre: divorciado/separado,Ninguno,1,Bienes raíces,46,Ninguno,Alquiler,2,Empleado calificado / oficial,1,No,Sí,Mal Pagador
Sin cuenta,24,Cuenta crítica / Otros créditos,Radio/TV,1516,>= 1000 DM,1 - 4 años,4,Mujer: divorciada/separada/casada,Ninguno,1,Bienes raíces,43,Ninguno,Propia,2,No calificado - residente,1,No,Sí,Buen Pagador
Sin cuenta,18,Créditos existentes pagados hasta ahora,Radio/TV,1473,< 100 DM,< 1 año,3,Hombre: casado/viudo,Ninguno,4,Bienes raíces,39,Ninguno,Propia,1,Empleado calificado / oficial,1,Sí,Sí,Buen Pagador
0 - 200 DM,18,Cuenta crítica / Otros créditos,Negocios,1887,Desconocido / Sin ahorros,1 - 4 años,4,Hombre: casado/viudo,Ninguno,4,Bienes raíces,28,Banco,Propia,2,Empleado calificado / oficial,1,No,Sí,Buen Pagador
Sin cuenta,24,Retraso en pagos en el pasado,Negocios,8648,< 100 DM,< 1 año,2,Hombre: soltero,Ninguno,2,Auto u otro,27,Banco,Propia,2,Empleado calificado / oficial,1,Sí,Sí,Mal Pagador
Sin cuenta,14,Retraso en pagos en el pasado,Auto (nuevo),802,< 100 DM,1 - 4 años,4,Hombre: soltero,Ninguno,2,Auto u otro,27,Ninguno,Propia,2,No calificado - residente,1,No,Sí,Buen Pagador
0 - 200 DM,18,Retraso en pagos en el pasado,Auto (nuevo),2899,Desconocido / Sin ahorros,>= 7 años,4,Hombre: soltero,Ninguno,4,Auto u otro,43,Ninguno,Propia,1,Empleado calificado / oficial,2,No,Sí,Buen Pagador
0 - 200 DM,24,Créditos existentes pagados hasta ahora,Radio/TV,2039,< 100 DM,< 1 año,1,Hombre: casado/viudo,Ninguno,1,Seguro de vida / Ahorro para vivienda,22,Ninguno,Propia,1,Empleado calificado / oficial,1,Sí,Sí,Mal Pagador
Sin cuenta,24,Cuenta crítica / Otros créditos,Auto (usado),2197,Desconocido / Sin ahorros,4 - 7 años,4,Hombre: soltero,Ninguno,4,Auto u otro,43,Ninguno,Propia,2,Empleado calificado / oficial,2,Sí,Sí,Buen Pagador
< 0 DM,15,Créditos existentes pagados hasta ahora,Radio/TV,1053,< 100 DM,< 1 año,4,Hombre: casado/viudo,Ninguno,2,Bienes raíces,27,Ninguno,Propia,1,Empleado calificado / oficial,1,No,No,Buen Pagador
Sin cuenta,24,Créditos existentes pagados hasta ahora,Radio/TV,3235,500 - 1000 DM,>= 7 años,3,Hombre: divorciado/separado,Ninguno,2,Auto u otro,26,Ninguno,Propia,1,Gerencia / Autoempleado / Altamente calificado,1,Sí,Sí,Buen Pagador
>= 200 DM,12,Cuenta crítica / Otros créditos,Auto (nuevo),939,500 - 1000 DM,4 - 7 años,4,Hombre: casado/viudo,Ninguno,2,Bienes raíces,28,Ninguno,Propia,3,Empleado calificado / oficial,1,Sí,Sí,Mal Pagador
0 - 200 DM,24,Créditos existentes pagados hasta ahora,Radio/TV,1967,< 100 DM,>= 7 años,4,Mujer: divorciada/separada/casada,Ninguno,4,Auto u otro,20,Ninguno,Propia,1,Empleado calificado / oficial,1,Sí,Sí,Buen Pagador
Sin cuenta,33,Cuenta crítica / Otros créditos,Auto (usado),7253,< 100 DM,4 - 7 años,3,Hombre: soltero,Ninguno,2,Auto u otro,35,Ninguno,Propia,2,Gerencia / Autoempleado / Altamente calificado,1,Sí,Sí,Buen Pagador
Sin cuenta,12,Cuenta crítica / Otros créditos,Negocios,2292,< 100 DM,Desempleado,4,Hombre: soltero,Ninguno,2,Auto u otro,42,Tiendas,Propia,2,Gerencia / Autoempleado / Altamente calificado,1,Sí,Sí,Mal Pagador
Sin cuenta,10,Créditos existentes pagados hasta ahora,Auto (nuevo),1597,500 - 1000 DM,1 - 4 años,3,Hombre: soltero,Ninguno,2,Desconocido / Sin propiedad,40,Ninguno,Alquiler,1,No calificado - residente,2,No,No,Buen Pagador
< 0 DM,24,Créditos existentes pagados hasta ahora,Auto (nuevo),1381,Desconocido / Sin ahorros,1 - 4 años,4,Mujer: divorciada/separada/casada,Ninguno,2,Seguro de vida / Ahorro para vivienda,35,Ninguno,Propia,1,Empleado calificado / oficial,1,No,Sí,Mal Pagador
Sin cuenta,36,Cuenta crítica / Otros créditos,Auto (usado),5842,< 100 DM,>= 7 años,2,Hombre: soltero,Ninguno,2,Seguro de vida / Ahorro para vivienda,35,Ninguno,Propia,2,Empleado calificado / oficial,2,Sí,Sí,Buen Pagador
< 0 DM,12,Créditos existentes pagados hasta ahora,Auto (nuevo),2579,< 100 DM,< 1 año,4,Hombre: soltero,Ninguno,1,Bienes raíces,33,Ninguno,Propia,1,No calificado - residente,2,No,Sí,Mal Pagador
< 0 DM,18,Retraso en pagos en el pasado,Educación,8471,Desconocido / Sin ahorros,1 - 4 años,1,Mujer: divorciada/separada/casada,Ninguno,2,Auto u otro,23,Ninguno,Alquiler,2,Empleado calificado / oficial,1,Sí,Sí,Buen Pagador
Sin cuenta,21,Créditos existentes pagados hasta ahora,Auto (nuevo),2782,500 - 1000 DM,4 - 7 años,1,Mujer: divorciada/separada/casada,Ninguno,2,Auto u otro,31,Banco,Propia,1,Gerencia / Autoempleado / Altamente calificado,1,No,Sí,Buen Pagador
0 - 200 DM,18,Créditos existentes pagados hasta ahora,Auto (nuevo),1042,Desconocido / Sin ahorros,1 - 4 años,4,Mujer: divorciada/separada/casada,Ninguno,2,Seguro de vida / Ahorro para vivienda,33,Ninguno,Propia,1,Empleado calificado / oficial,1,No,Sí,Mal Pagador
Sin cuenta,15,Créditos existentes pagados hasta ahora,Auto (nuevo),3186,>= 1000 DM,4 - 7 años,2,Mujer: divorciada/separada/casada,Ninguno,3,Auto u otro,20,Ninguno,Alquiler,1,Empleado calificado / oficial,1,No,Sí,Buen Pagador
0 - 200 DM,12,Créditos existentes pagados hasta ahora,Auto (usado),2028,Desconocido / Sin ahorros,1 - 4 años,4,Hombre: soltero,Ninguno,2,Auto u otro,30,Ninguno,Propia,1,Empleado calificado / oficial,1,No,Sí,Buen Pagador
0 - 200 DM,12,Cuenta crítica / Otros créditos,Auto (nuevo),958,< 100 DM,4 - 7 años,2,Hombre: soltero,Ninguno,3,Bienes raíces,47,Ninguno,Propia,2,No calificado - residente,2,No,Sí,Buen Pagador
Sin cuenta,21,Retraso en pagos en el pasado,Muebles/Equipo,1591,100 - 500 DM,4 - 7 años,4,Hombre: soltero,Ninguno,3,Bienes raíces,34,Ninguno,Propia,2,Gerencia / Autoempleado / Altamente calificado,1,No,Sí,Buen Pagador
0 - 200 DM,12,Créditos existentes pagados hasta ahora,Muebles/Equipo,2762,Desconocido / Sin ahorros,>= 7 años,1,Mujer: divorciada/separada/casada,Ninguno,2,Seguro de vida / Ahorro para vivienda,25,Banco,Propia,1,Empleado calificado / oficial,1,Sí,Sí,Mal Pagador
0 - 200 DM,18,Créditos existentes pagados hasta ahora,Auto (usado),2779,< 100 DM,1 - 4 años,1,Hombre: casado/viudo,Ninguno,3,Auto u otro,21,Ninguno,Alquiler,1,Empleado calificado / oficial,1,Sí,Sí,Buen Pagador
Sin cuenta,28,Cuenta crítica / Otros créditos,Radio/TV,2743,< 100 DM,>= 7 años,4,Hombre: soltero,Ninguno,2,Auto u otro,29,Ninguno,Propia,2,Empleado calificado / oficial,1,No,Sí,Buen Pagador
Sin cuenta,18,Cuenta crítica / Otros créditos,Radio/TV,1149,>= 1000 DM,1 - 4 años,4,Hombre: soltero,Ninguno,3,Bienes raíces,46,Ninguno,Propia,2,Empleado calificado / oficial,1,No,Sí,Buen Pagador
Sin cuenta,9,Créditos existentes pagados hasta ahora,Muebles/Equipo,1313,< 100 DM,>= 7 años,1,Hombre: soltero,Ninguno,4,Auto u otro,20,Ninguno,Propia,1,Empleado calificado / oficial,1,No,Sí,Buen Pagador
< 0 DM,18,Cuenta crítica / Otros créditos,Reparaciones,1190,< 100 DM,Desempleado,2,Mujer: divorciada/separada/casada,Ninguno,4,Desconocido / Sin propiedad,55,Ninguno,Gratis,3,No calificado - no residente,2,No,Sí,Mal Pagador
Sin cuenta,5,Créditos existentes pagados hasta ahora,Negocios,3448,< 100 DM,4 - 7 años,1,Hombre: soltero,Ninguno,4,Bienes raíces,74,Ninguno,Propia,1,No calificado - residente,1,No,Sí,Buen Pagador
0 - 200 DM,24,Créditos existentes pagados hasta ahora,Otros,11328,< 100 DM,1 - 4 años,2,Hombre: soltero,Co-solicitante,3,Auto u otro,29,Banco,Propia,2,Gerencia / Autoempleado / Altamente calificado,1,Sí,Sí,Mal Pagador
< 0 DM,6,Cuenta crítica / Otros créditos,Muebles/Equipo,1872,< 100 DM,Desempleado,4,Hombre: soltero,Ninguno,4,Desconocido / Sin propiedad,36,Ninguno,Gratis,3,Gerencia / Autoempleado / Altamente calificado,1,Sí,Sí,Buen Pagador
Sin cuenta,24,Cuenta crítica / Otros créditos,Reparaciones,2058,< 100 DM,1 - 4 años,4,Hombre: divorciado/separado,Ninguno,2,Bienes raíces,33,Ninguno,Propia,2,Empleado calificado / oficial,1,Sí,Sí,Buen Pagador
< 0 DM,9,Créditos existentes pagados hasta ahora,Muebles/Equipo,2136,< 100 DM,1 - 4 años,3,Hombre: soltero,Ninguno,2,Bienes raíces,25,Ninguno,Propia,1,Empleado calificado / oficial,1,No,Sí,Buen Pagador
0 - 200 DM,12,Créditos existentes pagados hasta ahora,Radio/TV,1484,Desconocido / Sin ahorros,1 - 4 años,2,Hombre: casado/viudo,Ninguno,1,Bienes raíces,25,Ninguno,Propia,1,Empleado calificado / oficial,1,Sí,Sí,Mal Pagador
Sin cuenta,6,Créditos existentes pagados hasta ahora,Reparaciones,660,500 - 1000 DM,4 - 7 años,2,Hombre: casado/viudo,Ninguno,4,Bienes raíces,23,Ninguno,Alquiler,1,No calificado - residente,1,No,Sí,Buen Pagador
Sin cuenta,24,Cuenta crítica / Otros créditos,Auto (nuevo),1287,>= 1000 DM,>= 7 años,4,Mujer: divorciada/separada/casada,Ninguno,4,Bienes raíces,37,Ninguno,Propia,2,Empleado calificado / oficial,1,Sí,Sí,Buen Pagador
< 0 DM,42,Cuenta crítica / Otros créditos,Reparaciones,3394,< 100 DM,Desempleado,4,Hombre: soltero,Co-solicitante,4,Auto u otro,65,Ninguno,Propia,2,No calificado - no residente,1,No,Sí,Buen Pagador
>= 200 DM,12,Todos los créditos en este banco pagados,Negocios,609,< 100 DM,< 1 año,4,Mujer: divorciada/separada/casada,Ninguno,1,Bienes raíces,26,Ninguno,Propia,1,No calificado - no residente,1,No,Sí,Mal Pagador
Sin cuenta,12,Créditos existentes pagados hasta ahora,Auto (nuevo),1884,< 100 DM,>= 7 años,4,Hombre: soltero,Ninguno,4,Auto u otro,39,Ninguno,Propia,1,Gerencia / Autoempleado / Altamente calificado,1,Sí,Sí,Buen Pagador
< 0 DM,12,Créditos existentes pagados hasta ahora,Muebles/Equipo,1620,< 100 DM,1 - 4 años,2,Mujer: divorciada/separada/casada,Co-solicitante,3,Seguro de vida / Ahorro para vivienda,30,Ninguno,Propia,1,Empleado calificado / oficial,1,No,Sí,Buen Pagador
0 - 200 DM,20,Retraso en pagos en el pasado,Otros,2629,< 100 DM,1 - 4 años,2,Hombre: soltero,Ninguno,3,Auto u otro,29,Banco,Propia,2,Empleado calificado / oficial,1,Sí,Sí,Buen Pagador
Sin cuenta,12,Créditos existentes pagados hasta ahora,Educación,719,< 100 DM,>= 7 años,4,Hombre: soltero,Ninguno,4,Auto u otro,41,Banco,Propia,1,No calificado - residente,2,No,Sí,Mal Pagador
0 - 200 DM,48,Cuenta crítica / Otros créditos,Muebles/Equipo,5096,< 100 DM,1 - 4 años,2,Mujer: divorciada/separada/casada,Ninguno,3,Auto u otro,30,Ninguno,Propia,1,Gerencia / Autoempleado / Altamente calificado,1,Sí,Sí,Mal Pagador
Sin cuenta,9,Cuenta crítica / Otros créditos,Educación,1244,Desconocido / Sin ahorros,>= 7 años,4,Mujer: divorciada/separada/casada,Ninguno,4,Seguro de vida / Ahorro para vivienda,41,Ninguno,Alquiler,2,No calificado - residente,1,No,Sí,Buen Pagador
< 0 DM,36,Créditos existentes pagados hasta ahora,Auto (nuevo),1842,< 100 DM,< 1 año,4,Mujer: divorciada/separada/casada,Ninguno,4,Auto u otro,34,Ninguno,Propia,1,Empleado calificado / oficial,1,Sí,Sí,Mal Pagador
0 - 200 DM,7,Créditos existentes pagados hasta ahora,Radio/TV,2576,< 100 DM,1 - 4 años,2,Hombre: soltero,Garante,2,Bienes raíces,35,Ninguno,Propia,1,Empleado calificado / oficial,1,No,Sí,Buen Pagador
>= 200 DM,12,Créditos existentes pagados hasta ahora,Muebles/Equipo,1424,Desconocido / Sin ahorros,>= 7 años,3,Mujer: divorciada/separada/casada,Ninguno,4,Bienes raíces,55,Ninguno,Propia,1,Gerencia / Autoempleado / Altamente calificado,1,Sí,Sí,Buen Pagador
0 - 200 DM,15,Retraso en pagos en el pasado,Reparaciones,1512,>= 1000 DM,1 - 4 años,3,Hombre: casado/viudo,Ninguno,3,Seguro de vida / Ahorro para vivienda,61,Tiendas,Propia,2,Empleado calificado / oficial,1,No,Sí,Mal Pagador
Sin cuenta,36,Cuenta crítica / Otros créditos,Auto (usado),11054,Desconocido / Sin ahorros,1 - 4 años,4,Hombre: soltero,Ninguno,2,Auto u otro,30,Ninguno,Propia,1,Gerencia / Autoempleado / Altamente calificado,1,Sí,Sí,Buen Pagador
Sin cuenta,6,Créditos existentes pagados hasta ahora,Radio/TV,518,< 100 DM,1 - 4 años,3,Mujer: divorciada/separada/casada,Ninguno,1,Bienes raíces,29,Ninguno,Propia,1,Empleado calificado / oficial,1,No,Sí,Buen Pagador
Sin cuenta,12,Sin créditos / Todos pagados,Muebles/Equipo,2759,< 100 DM,>= 7 años,2,Hombre: soltero,Ninguno,4,Seguro de vida / Ahorro para vivienda,34,Ninguno,Propia,2,Empleado calificado / oficial,1,No,Sí,Buen Pagador
Sin cuenta,24,Créditos existentes pagados hasta ahora,Auto (usado),2670,< 100 DM,>= 7 años,4,Hombre: soltero,Ninguno,4,Auto u otro,35,Ninguno,Propia,1,Gerencia / Autoempleado / Altamente calificado,1,Sí,Sí,Buen Pagador
< 0 DM,24,Créditos existentes pagados hasta ahora,Auto (nuevo),4817,< 100 DM,4 - 7 años,2,Hombre: soltero,Co-solicitante,3,Seguro de vida / Ahorro para vivienda,31,Ninguno,Propia,1,Empleado calificado / oficial,1,Sí,Sí,Mal Pagador
Sin cuenta,24,Créditos existentes pagados hasta ahora,Auto (usado),2679,< 100 DM,< 1 año,4,Mujer: divorciada/separada/casada,Ninguno,1,Desconocido / Sin propiedad,29,Ninguno,Propia,1,Gerencia / Autoempleado / Altamente calificado,1,Sí,Sí,Buen Pagador
< 0 DM,11,Cuenta crítica / Otros créditos,Auto (nuevo),3905,< 100 DM,1 - 4 años,2,Hombre: soltero,Ninguno,2,Bienes raíces,36,Ninguno,Alquiler,2,Empleado calificado / oficial,2,No,Sí,Buen Pagador
< 0 DM,12,Créditos existentes pagados hasta ahora,Auto (usado),3386,< 100 DM,>= 7 años,3,Hombre: soltero,Ninguno,4,Desconocido / Sin propiedad,35,Ninguno,Gratis,1,Empleado calificado / oficial,1,Sí,Sí,Mal Pagador
< 0 DM,6,Créditos existentes pagados hasta ahora,Electrodomésticos,343,< 100 DM,< 1 año,4,Mujer: divorciada/separada/casada,Ninguno,1,Bienes raíces,27,Ninguno,Propia,1,Empleado calificado / oficial,1,No,Sí,Buen Pagador
Sin cuenta,18,Créditos existentes pagados hasta ahora,Radio/TV,4594,< 100 DM,< 1 año,3,Hombre: soltero,Ninguno,2,Auto u otro,32,Ninguno,Propia,1,Empleado calificado / oficial,1,Sí,Sí,Buen Pagador
< 0 DM,36,Créditos existentes pagados hasta ahora,Muebles/Equipo,3620,< 100 DM,1 - 4 años,1,Hombre: soltero,Garante,2,Seguro de vida / Ahorro para vivienda,37,Ninguno,Propia,1,Empleado calificado / oficial,2,No,Sí,Buen Pagador
< 0 DM,15,Créditos existentes pagados hasta ahora,Auto (nuevo),1721,< 100 DM,< 1 año,2,Hombre: soltero,Ninguno,3,Bienes raíces,36,Ninguno,Propia,1,Empleado calificado / oficial,1,No,Sí,Buen Pagador
0 - 200 DM,12,Créditos existentes pagados hasta ahora,Muebles/Equipo,3017,< 100 DM,< 1 año,3,Mujer: divorciada/separada/casada,Ninguno,1,Bienes raíces,34,Ninguno,Alquiler,1,Gerencia / Autoempleado / Altamente calificado,1,No,Sí,Buen Pagador
0 - 200 DM,12,Créditos existentes pagados hasta ahora,Recapacitación,754,Desconocido / Sin ahorros,>= 7 años,4,Hombre: soltero,Ninguno,4,Seguro de vida / Ahorro para vivienda,38,Ninguno,Propia,2,Empleado calificado / oficial,1,No,Sí,Buen Pagador
Sin cuenta,18,Créditos existentes pagados hasta ahora,Negocios,1950,< 100 DM,4 - 7 años,4,Hombre: soltero,Ninguno,1,Auto u otro,34,Tiendas,Propia,2,Empleado calificado / oficial,1,Sí,Sí,Buen Pagador
< 0 DM,24,Créditos existentes pagados hasta ahora,Auto (usado),2924,< 100 DM,1 - 4 años,3,Hombre: soltero,Garante,4,Desconocido / Sin propiedad,63,Banco,Propia,1,Empleado calificado / oficial,2,Sí,Sí,Buen Pagador
< 0 DM,24,Retraso en pagos en el pasado,Radio/TV,1659,< 100 DM,< 1 año,4,Mujer: divorciada/separada/casada,Ninguno,2,Auto u otro,29,Ninguno,Alquiler,1,No calificado - residente,1,Sí,Sí,Mal Pagador
Sin cuenta,48,Retraso en pagos en el pasado,Radio/TV,7238,Desconocido / Sin ahorros,>= 7 años,3,Hombre: soltero,Ninguno,3,Auto u otro,32,Banco,Propia,2,Empleado calificado / oficial,2,No,Sí,Buen Pagador
Sin cuenta,33,Retraso en pagos en el pasado,Negocios,2764,< 100 DM,1 - 4 años,2,Mujer: divorciada/separada/casada,Ninguno,2,Auto u otro,26,Ninguno,Propia,2,Empleado calificado / oficial,1,Sí,Sí,Buen Pagador
Sin cuenta,24,Retraso en pagos en el pasado,Auto (usado),4679,< 100 DM,4 - 7 años,3,Hombre: soltero,Ninguno,3,Auto u otro,35,Ninguno,Propia,2,No calificado - residente,1,Sí,Sí,Buen Pagador
0 - 200 DM,24,Créditos existentes pagados hasta ahora,Radio/TV,3092,100 - 500 DM,< 1 año,3,Hombre: casado/viudo,Ninguno,2,Auto u otro,22,Ninguno,Alquiler,1,Empleado calificado / oficial,1,Sí,Sí,Mal Pagador
< 0 DM,6,Créditos existentes pagados hasta ahora,Educación,448,< 100 DM,< 1 año,4,Mujer: divorciada/separada/casada,Ninguno,4,Seguro de vida / Ahorro para vivienda,23,Ninguno,Propia,1,Empleado calificado / oficial,1,No,Sí,Mal Pagador
< 0 DM,9,Créditos existentes pagados hasta ahora,Auto (nuevo),654,< 100 DM,1 - 4 años,4,Hombre: soltero,Ninguno,3,Auto u otro,28,Ninguno,Propia,1,No calificado - residente,1,No,Sí,Mal Pagador
Sin cuenta,6,Créditos existentes pagados hasta ahora,Recapacitación,1238,Desconocido / Sin ahorros,Desempleado,4,Hombre: soltero,Ninguno,4,Seguro de vida / Ahorro para vivienda,36,Ninguno,Propia,1,Gerencia / Autoempleado / Altamente calificado,2,Sí,Sí,Buen Pagador
0 - 200 DM,18,Cuenta crítica / Otros créditos,Radio/TV,1245,< 100 DM,1 - 4 años,4,Hombre: casado/viudo,Ninguno,2,Auto u otro,33,Ninguno,Propia,1,Empleado calificado / oficial,1,No,Sí,Mal Pagador
< 0 DM,18,Sin créditos / Todos pagados,Muebles/Equipo,3114,< 100 DM,< 1 año,1,Mujer: divorciada/separada/casada,Ninguno,4,Seguro de vida / Ahorro para vivienda,26,Ninguno,Alquiler,1,Empleado calificado / oficial,1,No,Sí,Mal Pagador
Sin cuenta,39,Créditos existentes pagados hasta ahora,Auto (usado),2569,500 - 1000 DM,1 - 4 años,4,Hombre: soltero,Ninguno,4,Auto u otro,24,Ninguno,Propia,1,Empleado calificado / oficial,1,No,Sí,Buen Pagador
>= 200 DM,24,Créditos existentes pagados hasta ahora,Radio/TV,5152,< 100 DM,4 - 7 años,4,Hombre: soltero,Ninguno,2,Auto u otro,25,Banco,Propia,1,Empleado calificado / oficial,1,No,Sí,Buen Pagador
0 - 200 DM,12,Créditos existentes pagados hasta ahora,Negocios,1037,100 - 500 DM,4 - 7 años,3,Hombre: soltero,Ninguno,4,Bienes raíces,39,Ninguno,Propia,1,No calificado - residente,1,No,Sí,Buen Pagador
< 0 DM,15,Cuenta crítica / Otros créditos,Muebles/Equipo,1478,< 100 DM,>= 7 años,4,Hombre: soltero,Ninguno,4,Auto u otro,44,Ninguno,Propia,2,Empleado calificado / oficial,2,Sí,Sí,Buen Pagador
0 - 200 DM,12,Cuenta crítica / Otros créditos,Radio/TV,3573,< 100 DM,1 - 4 años,1,Mujer: divorciada/separada/casada,Ninguno,1,Bienes raíces,23,Ninguno,Propia,1,No calificado - residente,1,No,Sí,Buen Pagador
0 - 200 DM,24,Créditos existentes pagados hasta ahora,Auto (nuevo),1201,< 100 DM,< 1 año,4,Hombre: soltero,Ninguno,1,Seguro de vida / Ahorro para vivienda,26,Ninguno,Propia,1,Empleado calificado / oficial,1,No,Sí,Buen Pagador
< 0 DM,30,Créditos existentes pagados hasta ahora,Muebles/Equipo,3622,>= 1000 DM,>= 7 años,4,Mujer: divorciada/separada/casada,Ninguno,4,Seguro de vida / Ahorro para vivienda,57,Ninguno,Alquiler,2,Empleado calificado / oficial,1,Sí,Sí,Buen Pagador
Sin cuenta,15,Retraso en pagos en el pasado,Muebles/Equipo,960,>= 1000 DM,4 - 7 años,3,Mujer: divorciada/separada/casada,Ninguno,2,Seguro de vida / Ahorro para vivienda,30,Ninguno,Propia,2,Empleado calificado / oficial,1,No,Sí,Buen Pagador
Sin cuenta,12,Cuenta crítica / Otros créditos,Auto (nuevo),1163,500 - 1000 DM,1 - 4 años,4,Hombre: soltero,Ninguno,4,Bienes raíces,44,Ninguno,Propia,1,Empleado calificado / oficial,1,Sí,Sí,Buen Pagador
0 - 200 DM,6,Retraso en pagos en el pasado,Auto (nuevo),1209,< 100 DM,Desempleado,4,Hombre: soltero,Ninguno,4,Seguro de vida / Ahorro para vivienda,47,Ninguno,Propia,1,Gerencia / Autoempleado / Altamente calificado,1,Sí,Sí,Mal Pagador
Sin cuenta,12,Créditos existentes pagados hasta ahora,Radio/TV,3077,< 100 DM,1 - 4 años,2,Hombre: soltero,Ninguno,4,Auto u otro,52,Ninguno,Propia,1,Empleado calificado / oficial,1,Sí,Sí,Buen Pagador
Sin cuenta,24,Créditos existentes pagados hasta ahora,Auto (nuevo),3757,< 100 DM,>= 7 años,4,Mujer: divorciada/separada/casada,Co-solicitante,4,Desconocido / Sin propiedad,62,Ninguno,Gratis,1,Empleado calificado / oficial,1,Sí,Sí,Buen Pagador
Sin cuenta,10,Créditos existentes pagados hasta ahora,Auto (nuevo),1418,100 - 500 DM,1 - 4 años,3,Hombre: soltero,Ninguno,2,Bienes raíces,35,Ninguno,Alquiler,1,No calificado - residente,1,No,No,Buen Pagador
Sin cuenta,6,Créditos existentes pagados hasta ahora,Auto (nuevo),3518,< 100 DM,1 - 4 años,2,Hombre: soltero,Garante,3,Seguro de vida / Ahorro para vivienda,26,Ninguno,Alquiler,1,Empleado calificado / oficial,1,No,Sí,Buen Pagador
Sin cuenta,12,Cuenta crítica / Otros créditos,Radio/TV,1934,< 100 DM,>= 7 años,2,Hombre: soltero,Ninguno,2,Desconocido / Sin propiedad,26,Ninguno,Propia,2,Empleado calificado / oficial,1,No,Sí,Buen Pagador
0 - 200 DM,27,Sin créditos / Todos pagados,Negocios,8318,< 100 DM,>= 7 años,2,Mujer: divorciada/separada/casada,Ninguno,4,Desconocido / Sin propiedad,42,Ninguno,Gratis,2,Gerencia / Autoempleado / Altamente calificado,1,Sí,Sí,Mal Pagador
Sin cuenta,6,Cuenta crítica / Otros créditos,Radio/TV,1237,100 - 500 DM,1 - 4 años,1,Mujer: divorciada/separada/casada,Ninguno,1,Seguro de vida / Ahorro para vivienda,27,Ninguno,Propia,2,Empleado calificado / oficial,1,No,Sí,Buen Pagador
0 - 200 DM,6,Créditos existentes pagados hasta ahora,Radio/TV,368,Desconocido / Sin ahorros,>= 7 años,4,Hombre: soltero,Ninguno,4,Seguro de vida / Ahorro para vivienda,38,Ninguno,Propia,1,Empleado calificado / oficial,1,No,Sí,Buen Pagador
< 0 DM,12,Cuenta crítica / Otros créditos,Auto (nuevo),2122,< 100 DM,1 - 4 años,3,Hombre: soltero,Ninguno,2,Bienes raíces,39,Ninguno,Alquiler,2,No calificado - residente,2,No,No,Buen Pagador
< 0 DM,24,Créditos existentes pagados hasta ahora,Muebles/Equipo,2996,Desconocido / Sin ahorros,1 - 4 años,2,Hombre: casado/viudo,Ninguno,4,Auto u otro,20,Ninguno,Propia,1,Empleado calificado / oficial,1,No,Sí,Mal Pagador
0 - 200 DM,36,Créditos existentes pagados hasta ahora,Muebles/Equipo,9034,100 - 500 DM,< 1 año,4,Hombre: soltero,Co-solicitante,1,Desconocido / Sin propiedad,29,Ninguno,Alquiler,1,Gerencia / Autoempleado / Altamente calificado,1,Sí,Sí,Mal Pagador
Sin cuenta,24,Cuenta crítica / Otros créditos,Muebles/Equipo,1585,< 100 DM,4 - 7 años,4,Hombre: soltero,Ninguno,3,Seguro de vida / Ahorro para vivienda,40,Ninguno,Propia,2,Empleado calificado / oficial,1,No,Sí,Buen Pagador
0 - 200 DM,18,Créditos existentes pagados hasta ahora,Radio/TV,1301,< 100 DM,>= 7 años,4,Hombre: casado/viudo,Garante,2,Bienes raíces,32,Ninguno,Propia,1,No calificado - residente,1,No,Sí,Buen Pagador
>= 200 DM,6,Cuenta crítica / Otros créditos,Auto (nuevo),1323,100 - 500 DM,>= 7 años,2,Hombre: divorciado/separado,Ninguno,4,Auto u otro,28,Ninguno,Propia,2,Empleado calificado / oficial,2,Sí,Sí,Buen Pagador
< 0 DM,24,Créditos existentes pagados hasta ahora,Auto (nuevo),3123,< 100 DM,< 1 año,4,Mujer: divorciada/separada/casada,Ninguno,1,Seguro de vida / Ahorro para vivienda,27,Ninguno,Propia,1,Empleado calificado / oficial,1,No,Sí,Mal Pagador
< 0 DM,36,Créditos existentes pagados hasta ahora,Auto (usado),5493,< 100 DM,>= 7 años,2,Hombre: soltero,Ninguno,4,Desconocido / Sin propiedad,42,Ninguno,Gratis,1,Empleado calificado / oficial,2,No,Sí,Buen Pagador
>= 200 DM,9,Créditos existentes pagados hasta ahora,Radio/TV,1126,100 - 500 DM,>= 7 años,2,Hombre: divorciado/separado,Ninguno,4,Bienes raíces,49,Ninguno,Propia,1,Empleado calificado / oficial,1,No,Sí,Buen Pagador
0 - 200 DM,24,Cuenta crítica / Otros créditos,Radio/TV,1216,100 - 500 DM,< 1 año,4,Hombre: soltero,Ninguno,4,Desconocido / Sin propiedad,38,Banco,Propia,2,Empleado calificado / oficial,2,No,Sí,Mal Pagador
< 0 DM,24,Créditos existentes pagados hasta ahora,Auto (nuevo),1207,< 100 DM,< 1 año,4,Mujer: divorciada/separada/casada,Ninguno,4,Seguro de vida / Ahorro para vivienda,24,Ninguno,Alquiler,1,Empleado calificado / oficial,1,No,Sí,Mal Pagador
Sin cuenta,10,Créditos existentes pagados hasta ahora,Auto (nuevo),1309,Desconocido / Sin ahorros,1 - 4 años,4,Hombre: soltero,Garante,4,Seguro de vida / Ahorro para vivienda,27,Ninguno,Propia,1,No calificado - residente,1,No,Sí,Mal Pagador
>= 200 DM,15,Cuenta crítica / Otros créditos,Auto (usado),2360,500 - 1000 DM,1 - 4 años,2,Hombre: soltero,Ninguno,2,Auto u otro,36,Ninguno,Propia,1,Empleado calificado / oficial,1,Sí,Sí,Buen Pagador
0 - 200 DM,15,Todos los créditos en este banco pagados,Auto (nuevo),6850,100 - 500 DM,Desempleado,1,Hombre: soltero,Ninguno,2,Seguro de vida / Ahorro para vivienda,34,Ninguno,Propia,1,Gerencia / Autoempleado / Altamente calificado,2,Sí,Sí,Mal Pagador
Sin cuenta,24,Créditos existentes pagados hasta ahora,Radio/TV,1413,< 100 DM,1 - 4 años,4,Hombre: casado/viudo,Ninguno,2,Seguro de vida / Ahorro para vivienda,28,Ninguno,Propia,1,Empleado calificado / oficial,1,No,Sí,Buen Pagador
Sin cuenta,39,Créditos existentes pagados hasta ahora,Auto (usado),8588,100 - 500 DM,>= 7 años,4,Hombre: soltero,Ninguno,2,Auto u otro,45,Ninguno,Propia,1,Gerencia / Autoempleado / Altamente calificado,1,Sí,Sí,Buen Pagador
< 0 DM,12,Créditos existentes pagados hasta ahora,Auto (nuevo),759,< 100 DM,4 - 7 años,4,Hombre: soltero,Ninguno,2,Bienes raíces,26,Ninguno,Propia,1,Empleado calificado / oficial,1,No,Sí,Mal Pagador
Sin cuenta,36,Créditos existentes pagados hasta ahora,Auto (usado),4686,< 100 DM,1 - 4 años,2,Hombre: soltero,Ninguno,2,Desconocido / Sin propiedad,32,Ninguno,Gratis,1,Gerencia / Autoempleado / Altamente calificado,1,Sí,Sí,Buen Pagador
>= 200 DM,15,Créditos existentes pagados hasta ahora,Negocios,2687,< 100 DM,4 - 7 años,2,Hombre: soltero,Ninguno,4,Seguro de vida / Ahorro para vivienda,26,Ninguno,Alquiler,1,Empleado calificado / oficial,1,Sí,Sí,Buen Pagador
0 - 200 DM,12,Retraso en pagos en el pasado,Radio/TV,585,< 100 DM,1 - 4 años,4,Hombre: casado/viudo,Co-solicitante,4,Bienes raíces,20,Ninguno,Alquiler,2,Empleado calificado / oficial,1,No,Sí,Buen Pagador
Sin cuenta,24,Créditos existentes pagados hasta ahora,Auto (nuevo),2255,Desconocido / Sin ahorros,< 1 año,4,Hombre: soltero,Ninguno,1,Seguro de vida / Ahorro para vivienda,54,Ninguno,Propia,1,Empleado calificado / oficial,1,No,Sí,Buen Pagador
< 0 DM,6,Cuenta crítica / Otros créditos,Auto (nuevo),609,< 100 DM,4 - 7 años,4,Mujer: divorciada/separada/casada,Ninguno,3,Seguro de vida / Ahorro para vivienda,37,Ninguno,Propia,2,Empleado calificado / oficial,1,No,No,Buen Pagador
< 0 DM,6,Cuenta crítica / Otros créditos,Auto (nuevo),1361,< 100 DM,< 1 año,2,Hombre: soltero,Ninguno,4,Bienes raíces,40,Ninguno,Propia,1,No calificado - residente,2,No,No,Buen Pagador
Sin cuenta,36,Cuenta crítica / Otros créditos,Muebles/Equipo,7127,< 100 DM,< 1 año,2,Mujer: divorciada/separada/casada,Ninguno,4,Seguro de vida / Ahorro para vivienda,23,Ninguno,Alquiler,2,Empleado calificado / oficial,1,Sí,Sí,Mal Pagador
< 0 DM,6,Créditos existentes pagados hasta ahora,Auto (nuevo),1203,100 - 500 DM,>= 7 años,3,Hombre: soltero,Ninguno,2,Seguro de vida / Ahorro para vivienda,43,Ninguno,Propia,1,Empleado calificado / oficial,1,Sí,Sí,Buen Pagador
Sin cuenta,6,Cuenta crítica / Otros créditos,Radio/TV,700,Desconocido / Sin ahorros,>= 7 años,4,Hombre: soltero,Ninguno,4,Desconocido / Sin propiedad,36,Ninguno,Gratis,2,Empleado calificado / oficial,1,No,Sí,Buen Pagador
Sin cuenta,24,Cuenta crítica / Otros créditos,Reparaciones,5507,< 100 DM,>= 7 años,3,Hombre: soltero,Ninguno,4,Desconocido / Sin propiedad,44,Ninguno,Gratis,2,Empleado calificado / oficial,1,No,Sí,Buen Pagador
< 0 DM,18,Créditos existentes pagados hasta ahora,Radio/TV,3190,< 100 DM,1 - 4 años,2,Mujer: divorciada/separada/casada,Ninguno,2,Bienes raíces,24,Ninguno,Propia,1,Empleado calificado / oficial,1,No,Sí,Mal Pagador
< 0 DM,48,Sin créditos / Todos pagados,Muebles/Equipo,7119,< 100 DM,1 - 4 años,3,Hombre: soltero,Ninguno,4,Desconocido / Sin propiedad,53,Ninguno,Gratis,2,Empleado calificado / oficial,2,No,Sí,Mal Pagador
Sin cuenta,24,Créditos existentes pagados hasta ahora,Auto (usado),3488,100 - 500 DM,4 - 7 años,3,Mujer: divorciada/separada/casada,Ninguno,4,Auto u otro,23,Ninguno,Propia,1,Empleado calificado / oficial,1,No,Sí,Buen Pagador
0 - 200 DM,18,Créditos existentes pagados hasta ahora,Radio/TV,1113,< 100 DM,1 - 4 años,4,Mujer: divorciada/separada/casada,Garante,4,Bienes raíces,26,Ninguno,Propia,1,No calificado - residente,2,No,Sí,Buen Pagador
0 - 200 DM,26,Créditos existentes pagados hasta ahora,Auto (usado),7966,< 100 DM,< 1 año,2,Hombre: soltero,Ninguno,3,Auto u otro,30,Ninguno,Propia,2,Empleado calificado / oficial,1,No,Sí,Buen Pagador
Sin cuenta,15,Cuenta crítica / Otros créditos,Educación,1532,100 - 500 DM,1 - 4 años,4,Mujer: divorciada/separada/casada,Ninguno,3,Auto u otro,31,Ninguno,Propia,1,Empleado calificado / oficial,1,No,Sí,Buen Pagador
Sin cuenta,4,Cuenta crítica / Otros créditos,Radio/TV,1503,< 100 DM,4 - 7 años,2,Hombre: soltero,Ninguno,1,Bienes raíces,42,Ninguno,Propia,2,No calificado - residente,2,No,Sí,Buen Pagador
< 0 DM,36,Créditos existentes pagados hasta ahora,Radio/TV,2302,< 100 DM,1 - 4 años,4,Hombre: divorciado/separado,Ninguno,4,Auto u otro,31,Ninguno,Alquiler,1,Empleado calificado / oficial,1,No,Sí,Mal Pagador
< 0 DM,6,Créditos existentes pagados hasta ahora,Auto (nuevo),662,< 100 DM,< 1 año,3,Hombre: soltero,Ninguno,4,Bienes raíces,41,Ninguno,Propia,1,No calificado - residente,2,Sí,Sí,Buen Pagador
0 - 200 DM,36,Créditos existentes pagados hasta ahora,Educación,2273,< 100 DM,4 - 7 años,3,Hombre: soltero,Ninguno,1,Auto u otro,32,Ninguno,Propia,2,Empleado calificado / oficial,2,No,Sí,Buen Pagador
0 - 200 DM,15,Créditos existentes pagados hasta ahora,Auto (nuevo),2631,100 - 500 DM,1 - 4 años,2,Mujer: divorciada/separada/casada,Ninguno,4,Auto u otro,28,Ninguno,Alquiler,2,Empleado calificado / oficial,1,Sí,Sí,Mal Pagador
Sin cuenta,12,Retraso en pagos en el pasado,Auto (usado),1503,< 100 DM,1 - 4 años,4,Hombre: casado/viudo,Ninguno,4,Bienes raíces,41,Ninguno,Alquiler,1,Empleado calificado / oficial,1,No,Sí,Buen Pagador
Sin cuenta,24,Créditos existentes pagados hasta ahora,Radio/TV,1311,100 - 500 DM,4 - 7 años,4,Hombre: casado/viudo,Ninguno,3,Seguro de vida / Ahorro para vivienda,26,Ninguno,Propia,1,Empleado calificado / oficial,1,Sí,Sí,Buen Pagador
Sin cuenta,24,Créditos existentes pagados hasta ahora,Radio/TV,3105,Desconocido / Sin ahorros,< 1 año,4,Hombre: soltero,Ninguno,2,Auto u otro,25,Ninguno,Propia,2,Empleado calificado / oficial,1,No,Sí,Buen Pagador
>= 200 DM,21,Cuenta crítica / Otros créditos,Educación,2319,< 100 DM,< 1 año,2,Hombre: divorciado/separado,Ninguno,1,Auto u otro,33,Ninguno,Alquiler,1,Empleado calificado / oficial,1,No,Sí,Mal Pagador
< 0 DM,6,Créditos existentes pagados hasta ahora,Auto (nuevo),1374,Desconocido / Sin ahorros,Desempleado,4,Mujer: divorciada/separada/casada,Ninguno,3,Seguro de vida / Ahorro para vivienda,75,Ninguno,Propia,1,Gerencia / Autoempleado / Altamente calificado,1,Sí,Sí,Buen Pagador
0 - 200 DM,18,Cuenta crítica / Otros créditos,Muebles/Equipo,3612,< 100 DM,>= 7 años,3,Mujer: divorciada/separada/casada,Ninguno,4,Seguro de vida / Ahorro para vivienda,37,Ninguno,Propia,1,Empleado calificado / oficial,1,Sí,Sí,Buen Pagador
< 0 DM,48,Créditos existentes pagados hasta ahora,Auto (nuevo),7763,< 100 DM,>= 7 años,4,Hombre: soltero,Ninguno,4,Desconocido / Sin propiedad,42,Banco,Gratis,1,Gerencia / Autoempleado / Altamente calificado,1,No,Sí,Mal Pagador
>= 200 DM,18,Créditos existentes pagados hasta ahora,Muebles/Equipo,3049,< 100 DM,< 1 año,1,Mujer: divorciada/separada/casada,Ninguno,1,Seguro de vida / Ahorro para vivienda,45,Tiendas,Propia,1,No calificado - residente,1,No,Sí,Buen Pagador
0 - 200 DM,12,Créditos existentes pagados hasta ahora,Radio/TV,1534,< 100 DM,< 1 año,1,Hombre: casado/viudo,Ninguno,1,Bienes raíces,23,Ninguno,Alquiler,1,Empleado calificado / oficial,1,No,Sí,Mal Pagador
Sin cuenta,24,Retraso en pagos en el pasado,Auto (nuevo),2032,< 100 DM,>= 7 años,4,Hombre: soltero,Ninguno,4,Desconocido / Sin propiedad,60,Ninguno,Gratis,2,Empleado calificado / oficial,1,Sí,Sí,Buen Pagador
< 0 DM,30,Créditos existentes pagados hasta ahora,Muebles/Equipo,6350,Desconocido / Sin ahorros,>= 7 años,4,Hombre: soltero,Ninguno,4,Seguro de vida / Ahorro para vivienda,31,Ninguno,Propia,1,Empleado calificado / oficial,1,No,Sí,Mal Pagador
>= 200 DM,18,Créditos existentes pagados hasta ahora,Muebles/Equipo,2864,< 100 DM,1 - 4 años,2,Hombre: soltero,Ninguno,1,Bienes raíces,34,Ninguno,Propia,1,No calificado - residente,2,No,Sí,Mal Pagador
Sin cuenta,12,Cuenta crítica / Otros créditos,Auto (nuevo),1255,< 100 DM,>= 7 años,4,Hombre: soltero,Ninguno,4,Bienes raíces,61,Ninguno,Propia,2,No calificado - residente,1,No,Sí,Buen Pagador
< 0 DM,24,Retraso en pagos en el pasado,Auto (nuevo),1333,< 100 DM,Desempleado,4,Hombre: soltero,Ninguno,2,Bienes raíces,43,Ninguno,Gratis,2,Empleado calificado / oficial,2,No,Sí,Mal Pagador
Sin cuenta,24,Cuenta crítica / Otros créditos,Auto (nuevo),2022,< 100 DM,1 - 4 años,4,Mujer: divorciada/separada/casada,Ninguno,4,Auto u otro,37,Ninguno,Propia,1,Empleado calificado / oficial,1,Sí,Sí,Buen Pagador
Sin cuenta,24,Créditos existentes pagados hasta ahora,Radio/TV,1552,< 100 DM,4 - 7 años,3,Hombre: soltero,Ninguno,1,Auto u otro,32,Banco,Propia,1,Empleado calificado / oficial,2,No,Sí,Buen Pagador
< 0 DM,12,Todos los créditos en este banco pagados,Radio/TV,626,< 100 DM,1 - 4 años,4,Mujer: divorciada/separada/casada,Ninguno,4,Bienes raíces,24,Banco,Propia,1,No calificado - residente,1,No,Sí,Mal Pagador
Sin cuenta,48,Cuenta crítica / Otros créditos,Auto (usado),8858,Desconocido / Sin ahorros,4 - 7 años,2,Hombre: soltero,Ninguno,1,Desconocido / Sin propiedad,35,Ninguno,Gratis,2,Empleado calificado / oficial,1,Sí,Sí,Buen Pagador
Sin cuenta,12,Cuenta crítica / Otros créditos,Reparaciones,996,Desconocido / Sin ahorros,4 - 7 años,4,Mujer: divorciada/separada/casada,Ninguno,4,Bienes raíces,23,Ninguno,Propia,2,Empleado calificado / oficial,1,No,Sí,Buen Pagador
Sin cuenta,6,Todos los créditos en este banco pagados,Radio/TV,1750,500 - 1000 DM,>= 7 años,2,Hombre: soltero,Ninguno,4,Seguro de vida / Ahorro para vivienda,45,Banco,Propia,1,No calificado - residente,2,No,Sí,Buen Pagador
< 0 DM,48,Créditos existentes pagados hasta ahora,Radio/TV,6999,< 100 DM,4 - 7 años,1,Hombre: casado/viudo,Garante,1,Bienes raíces,34,Ninguno,Propia,2,Empleado calificado / oficial,1,Sí,Sí,Mal Pagador
0 - 200 DM,12,Cuenta crítica / Otros créditos,Auto (nuevo),1995,100 - 500 DM,< 1 año,4,Hombre: soltero,Ninguno,1,Auto u otro,27,Ninguno,Propia,1,Empleado calificado / oficial,1,No,Sí,Buen Pagador
0 - 200 DM,9,Créditos existentes pagados hasta ahora,Educación,1199,< 100 DM,4 - 7 años,4,Mujer: divorciada/separada/casada,Ninguno,4,Seguro de vida / Ahorro para vivienda,67,Ninguno,Propia,2,Gerencia / Autoempleado / Altamente calificado,1,Sí,Sí,Buen Pagador
0 - 200 DM,12,Créditos existentes pagados hasta ahora,Radio/TV,1331,< 100 DM,< 1 año,2,Hombre: soltero,Ninguno,1,Auto u otro,22,Tiendas,Propia,1,Empleado calificado / oficial,1,No,Sí,Mal Pagador
0 - 200 DM,18,Sin créditos / Todos pagados,Auto (nuevo),2278,100 - 500 DM,< 1 año,3,Mujer: divorciada/separada/casada,Ninguno,3,Auto u otro,28,Ninguno,Propia,2,Empleado calificado / oficial,1,No,Sí,Mal Pagador
Sin cuenta,21,Sin créditos / Todos pagados,Auto (nuevo),5003,Desconocido / Sin ahorros,1 - 4 años,1,Mujer: divorciada/separada/casada,Ninguno,4,Seguro de vida / Ahorro para vivienda,29,Banco,Propia,2,Empleado calificado / oficial,1,Sí,Sí,Mal Pagador
< 0 DM,24,Todos los créditos en este banco pagados,Muebles/Equipo,3552,< 100 DM,4 - 7 años,3,Hombre: soltero,Ninguno,4,Auto u otro,27,Banco,Propia,1,Empleado calificado / oficial,1,No,Sí,Mal Pagador
0 - 200 DM,18,Cuenta crítica / Otros créditos,Muebles/Equipo,1928,< 100 DM,< 1 año,2,Hombre: soltero,Ninguno,2,Bienes raíces,31,Ninguno,Propia,2,No calificado - residente,1,No,Sí,Mal Pagador
< 0 DM,24,Créditos existentes pagados hasta ahora,Auto (usado),2964,Desconocido / Sin ahorros,>= 7 años,4,Hombre: soltero,Ninguno,4,Desconocido / Sin propiedad,49,Banco,Gratis,1,Empleado calificado / oficial,2,Sí,Sí,Buen Pagador
< 0 DM,24,Todos los créditos en este banco pagados,Radio/TV,1546,< 100 DM,4 - 7 años,4,Hombre: soltero,Garante,4,Auto u otro,24,Banco,Alquiler,1,No calificado - residente,1,No,Sí,Mal Pagador
>= 200 DM,6,Retraso en pagos en el pasado,Radio/TV,683,< 100 DM,< 1 año,2,Mujer: divorciada/separada/casada,Ninguno,1,Seguro de vida / Ahorro para vivienda,29,Banco,Propia,1,Empleado calificado / oficial,1,No,Sí,Buen Pagador
0 - 200 DM,36,Créditos existentes pagados hasta ahora,Auto (nuevo),12389,Desconocido / Sin ahorros,1 - 4 años,1,Hombre: soltero,Ninguno,4,Desconocido / Sin propiedad,37,Ninguno,Gratis,1,Empleado calificado / oficial,1,Sí,Sí,Mal Pagador
0 - 200 DM,24,Retraso en pagos en el pasado,Negocios,4712,Desconocido / Sin ahorros,1 - 4 años,4,Hombre: soltero,Ninguno,2,Seguro de vida / Ahorro para vivienda,37,Banco,Propia,2,Gerencia / Autoempleado / Altamente calificado,1,Sí,Sí,Buen Pagador
0 - 200 DM,24,Retraso en pagos en el pasado,Radio/TV,1553,100 - 500 DM,4 - 7 años,3,Mujer: divorciada/separada/casada,Ninguno,2,Seguro de vida / Ahorro para vivienda,23,Ninguno,Alquiler,2,Empleado calificado / oficial,1,Sí,Sí,Buen Pagador
< 0 DM,12,Créditos existentes pagados hasta ahora,Auto (nuevo),1372,< 100 DM,4 - 7 años,2,Hombre: divorciado/separado,Ninguno,3,Auto u otro,36,Ninguno,Propia,1,Empleado calificado / oficial,1,No,Sí,Mal Pagador
Sin cuenta,24,Cuenta crítica / Otros créditos,Radio/TV,2578,>= 1000 DM,>= 7 años,2,Hombre: soltero,Ninguno,2,Auto u otro,34,Ninguno,Propia,1,Empleado calificado / oficial,1,No,Sí,Buen Pagador
0 - 200 DM,48,Créditos existentes pagados hasta ahora,Radio/TV,3979,Desconocido / Sin ahorros,4 - 7 años,4,Hombre: soltero,Ninguno,1,Auto u otro,41,Ninguno,Propia,2,Empleado calificado / oficial,2,Sí,Sí,Buen Pagador
< 0 DM,48,Créditos existentes pagados hasta ahora,Radio/TV,6758,< 100 DM,1 - 4 años,3,Mujer: divorciada/separada/casada,Ninguno,2,Auto u otro,31,Ninguno,Propia,1,Empleado calificado / oficial,1,Sí,Sí,Mal Pagador
< 0 DM,24,Créditos existentes pagados hasta ahora,Muebles/Equipo,3234,< 100 DM,< 1 año,4,Mujer: divorciada/separada/casada,Ninguno,4,Bienes raíces,23,Ninguno,Alquiler,1,No calificado - residente,1,Sí,Sí,Mal Pagador
Sin cuenta,30,Cuenta crítica / Otros créditos,Radio/TV,5954,< 100 DM,4 - 7 años,3,Hombre: soltero,Co-solicitante,2,Auto u otro,38,Ninguno,Propia,1,Empleado calificado / oficial,1,No,Sí,Buen Pagador
Sin cuenta,24,Créditos existentes pagados hasta ahora,Auto (usado),5433,Desconocido / Sin ahorros,Desempleado,2,Mujer: divorciada/separada/casada,Ninguno,4,Seguro de vida / Ahorro para vivienda,26,Ninguno,Alquiler,1,Gerencia / Autoempleado / Altamente calificado,1,Sí,Sí,Buen Pagador
< 0 DM,15,Créditos existentes pagados hasta ahora,Negocios,806,< 100 DM,1 - 4 años,4,Mujer: divorciada/separada/casada,Ninguno,4,Seguro de vida / Ahorro para vivienda,22,Ninguno,Propia,1,No calificado - residente,1,No,Sí,Buen Pagador
0 - 200 DM,9,Créditos existentes pagados hasta ahora,Radio/TV,1082,< 100 DM,>= 7 años,4,Hombre: soltero,Ninguno,4,Auto u otro,27,Ninguno,Propia,2,No calificado - residente,1,No,Sí,Buen Pagador
Sin cuenta,15,Cuenta crítica / Otros créditos,Muebles/Equipo,2788,< 100 DM,4 - 7 años,2,Mujer: divorciada/separada/casada,Co-solicitante,3,Auto u otro,24,Banco,Propia,2,Empleado calificado / oficial,1,No,Sí,Buen Pagador
0 - 200 DM,12,Créditos existentes pagados hasta ahora,Radio/TV,2930,< 100 DM,4 - 7 años,2,Mujer: divorciada/separada/casada,Ninguno,1,Bienes raíces,27,Ninguno,Propia,1,Empleado calificado / oficial,1,No,Sí,Buen Pagador
Sin cuenta,24,Cuenta crítica / Otros créditos,Educación,1927,Desconocido / Sin ahorros,1 - 4 años,3,Mujer: divorciada/separada/casada,Ninguno,2,Auto u otro,33,Ninguno,Propia,2,Empleado calificado / oficial,1,Sí,Sí,Buen Pagador
0 - 200 DM,36,Cuenta crítica / Otros créditos,Auto (nuevo),2820,< 100 DM,< 1 año,4,Hombre: divorciado/separado,Ninguno,4,Auto u otro,27,Ninguno,Propia,2,Empleado calificado / oficial,1,No,Sí,Mal Pagador
Sin cuenta,24,Créditos existentes pagados hasta ahora,Recapacitación,937,< 100 DM,< 1 año,4,Hombre: casado/viudo,Ninguno,3,Auto u otro,27,Ninguno,Propia,2,No calificado - residente,1,No,Sí,Buen Pagador
0 - 200 DM,18,Cuenta crítica / Otros créditos,Auto (nuevo),1056,< 100 DM,>= 7 años,3,Hombre: soltero,Garante,3,Bienes raíces,30,Banco,Propia,2,Empleado calificado / oficial,1,No,Sí,Mal Pagador
0 - 200 DM,12,Cuenta crítica / Otros créditos,Auto (nuevo),3124,< 100 DM,< 1 año,1,Hombre: soltero,Ninguno,3,Bienes raíces,49,Banco,Propia,2,No calificado - residente,2,No,Sí,Buen Pagador
Sin cuenta,9,Créditos existentes pagados hasta ahora,Muebles/Equipo,1388,< 100 DM,1 - 4 años,4,Mujer: divorciada/separada/casada,Ninguno,2,Bienes raíces,26,Ninguno,Alquiler,1,Empleado calificado / oficial,1,No,Sí,Buen Pagador
0 - 200 DM,36,Créditos existentes pagados hasta ahora,Reparaciones,2384,< 100 DM,< 1 año,4,Hombre: soltero,Ninguno,1,Desconocido / Sin propiedad,33,Ninguno,Alquiler,1,No calificado - residente,1,No,Sí,Mal Pagador
Sin cuenta,12,Créditos existentes pagados hasta ahora,Auto (nuevo),2133,Desconocido / Sin ahorros,>= 7 años,4,Mujer: divorciada/separada/casada,Ninguno,4,Desconocido / Sin propiedad,52,Ninguno,Gratis,1,Gerencia / Autoempleado / Altamente calificado,1,Sí,Sí,Buen Pagador
< 0 DM,18,Créditos existentes pagados hasta ahora,Muebles/Equipo,2039,< 100 DM,1 - 4 años,1,Mujer: divorciada/separada/casada,Ninguno,4,Bienes raíces,20,Banco,Alquiler,1,Empleado calificado / oficial,1,No,Sí,Mal Pagador
< 0 DM,9,Cuenta crítica / Otros créditos,Auto (nuevo),2799,< 100 DM,1 - 4 años,2,Hombre: soltero,Ninguno,2,Bienes raíces,36,Ninguno,Alquiler,2,Empleado calificado / oficial,2,No,Sí,Buen Pagador
< 0 DM,12,Créditos existentes pagados hasta ahora,Muebles/Equipo,1289,< 100 DM,1 - 4 años,4,Hombre: soltero,Garante,1,Seguro de vida / Ahorro para vivienda,21,Ninguno,Propia,1,No calificado - residente,1,No,Sí,Buen Pagador
< 0 DM,18,Créditos existentes pagados hasta ahora,Electrodomésticos,1217,< 100 DM,1 - 4 años,4,Hombre: casado/viudo,Ninguno,3,Bienes raíces,47,Ninguno,Propia,1,No calificado - residente,1,Sí,Sí,Mal Pagador
< 0 DM,12,Cuenta crítica / Otros créditos,Muebles/Equipo,2246,< 100 DM,>= 7 años,3,Hombre: soltero,Ninguno,3,Seguro de vida / Ahorro para vivienda,60,Ninguno,Propia,2,Empleado calificado / oficial,1,No,Sí,Mal Pagador
< 0 DM,12,Cuenta crítica / Otros créditos,Radio/TV,385,< 100 DM,4 - 7 años,4,Mujer: divorciada/separada/casada,Ninguno,3,Bienes raíces,58,Ninguno,Propia,4,No calificado - residente,1,Sí,Sí,Buen Pagador
0 - 200 DM,24,Retraso en pagos en el pasado,Auto (nuevo),1965,Desconocido / Sin ahorros,1 - 4 años,4,Mujer: divorciada/separada/casada,Ninguno,4,Auto u otro,42,Ninguno,Alquiler,2,Empleado calificado / oficial,1,Sí,Sí,Buen Pagador
Sin cuenta,21,Créditos existentes pagados hasta ahora,Negocios,1572,>= 1000 DM,>= 7 años,4,Mujer: divorciada/separada/casada,Ninguno,4,Bienes raíces,36,Banco,Propia,1,No calificado - residente,1,No,Sí,Buen Pagador
0 - 200 DM,24,Créditos existentes pagados hasta ahora,Auto (nuevo),2718,< 100 DM,1 - 4 años,3,Mujer: divorciada/separada/casada,Ninguno,4,Seguro de vida / Ahorro para vivienda,20,Ninguno,Alquiler,1,No calificado - residente,1,Sí,Sí,Mal Pagador
< 0 DM,24,Todos los créditos en este banco pagados,Otros,1358,Desconocido / Sin ahorros,>= 7 años,4,Hombre: soltero,Ninguno,3,Auto u otro,40,Tiendas,Propia,1,Gerencia / Autoempleado / Altamente calificado,1,Sí,Sí,Mal Pagador
0 - 200 DM,6,Todos los créditos en este banco pagados,Auto (nuevo),931,100 - 500 DM,< 1 año,1,Mujer: divorciada/separada/casada,Ninguno,1,Seguro de vida / Ahorro para vivienda,32,Tiendas,Propia,1,No calificado - residente,1,No,Sí,Mal Pagador
< 0 DM,24,Créditos existentes pagados hasta ahora,Auto (nuevo),1442,< 100 DM,4 - 7 años,4,Mujer: divorciada/separada/casada,Ninguno,4,Auto u otro,23,Ninguno,Alquiler,2,Empleado calificado / oficial,1,No,Sí,Mal Pagador
0 - 200 DM,24,Sin créditos / Todos pagados,Negocios,4241,< 100 DM,1 - 4 años,1,Hombre: soltero,Ninguno,4,Bienes raíces,36,Ninguno,Propia,3,No calificado - residente,1,Sí,Sí,Mal Pagador
Sin cuenta,18,Cuenta crítica / Otros créditos,Auto (nuevo),2775,< 100 DM,4 - 7 años,2,Hombre: soltero,Ninguno,2,Seguro de vida / Ahorro para vivienda,31,Banco,Propia,2,Empleado calificado / oficial,1,No,Sí,Mal Pagador
Sin cuenta,24,Retraso en pagos en el pasado,Negocios,3863,< 100 DM,1 - 4 años,1,Hombre: soltero,Ninguno,2,Desconocido / Sin propiedad,32,Ninguno,Gratis,1,Empleado calificado / oficial,1,No,Sí,Buen Pagador
0 - 200 DM,7,Créditos existentes pagados hasta ahora,Radio/TV,2329,< 100 DM,< 1 año,1,Mujer: divorciada/separada/casada,Garante,1,Bienes raíces,45,Ninguno,Propia,1,Empleado calificado / oficial,1,No,Sí,Buen Pagador
0 - 200 DM,9,Créditos existentes pagados hasta ahora,Muebles/Equipo,918,< 100 DM,1 - 4 años,4,Mujer: divorciada/separada/casada,Ninguno,1,Seguro de vida / Ahorro para vivienda,30,Ninguno,Propia,1,Empleado calificado / oficial,1,No,Sí,Mal Pagador
0 - 200 DM,24,Todos los créditos en este banco pagados,Educación,1837,< 100 DM,4 - 7 años,4,Mujer: divorciada/separada/casada,Ninguno,4,Desconocido / Sin propiedad,34,Banco,Gratis,1,No calificado - residente,1,No,Sí,Mal Pagador
Sin cuenta,36,Créditos existentes pagados hasta ahora,Muebles/Equipo,3349,< 100 DM,1 - 4 años,4,Mujer: divorciada/separada/casada,Ninguno,2,Auto u otro,28,Ninguno,Propia,1,Gerencia / Autoempleado / Altamente calificado,1,Sí,Sí,Mal Pagador
>= 200 DM,10,Créditos existentes pagados hasta ahora,Muebles/Equipo,1275,< 100 DM,< 1 año,4,Mujer: divorciada/separada/casada,Ninguno,2,Seguro de vida / Ahorro para vivienda,23,Ninguno,Propia,1,Empleado calificado / oficial,1,No,Sí,Buen Pagador
< 0 DM,24,Todos los créditos en este banco pagados,Muebles/Equipo,2828,500 - 1000 DM,1 - 4 años,4,Hombre: soltero,Ninguno,4,Bienes raíces,22,Tiendas,Propia,1,Empleado calificado / oficial,1,Sí,Sí,Buen Pagador
Sin cuenta,24,Cuenta crítica / Otros créditos,Negocios,4526,< 100 DM,1 - 4 años,3,Hombre: soltero,Ninguno,2,Bienes raíces,74,Ninguno,Propia,1,Gerencia / Autoempleado / Altamente calificado,1,Sí,Sí,Buen Pagador
0 - 200 DM,36,Créditos existentes pagados hasta ahora,Radio/TV,2671,100 - 500 DM,1 - 4 años,4,Mujer: divorciada/separada/casada,Co-solicitante,4,Desconocido / Sin propiedad,50,Ninguno,Gratis,1,Empleado calificado / oficial,1,No,Sí,Mal Pagador
Sin cuenta,18,Créditos existentes pagados hasta ahora,Radio/TV,2051,< 100 DM,< 1 año,4,Hombre: soltero,Ninguno,1,Bienes raíces,33,Ninguno,Propia,1,Empleado calificado / oficial,1,No,Sí,Buen Pagador
Sin cuenta,15,Créditos existentes pagados hasta ahora,Auto (usado),1300,Desconocido / Sin ahorros,>= 7 años,4,Hombre: soltero,Ninguno,4,Desconocido / Sin propiedad,45,Banco,Gratis,1,Empleado calificado / oficial,2,No,Sí,Buen Pagador
< 0 DM,12,Créditos existentes pagados hasta ahora,Electrodomésticos,741,100 - 500 DM,Desempleado,4,Mujer: divorciada/separada/casada,Ninguno,3,Seguro de vida / Ahorro para vivienda,22,Ninguno,Propia,1,Empleado calificado / oficial,1,No,Sí,Mal Pagador
>= 200 DM,10,Créditos existentes pagados hasta ahora,Auto (nuevo),1240,100 - 500 DM,>= 7 años,1,Mujer: divorciada/separada/casada,Ninguno,4,Desconocido / Sin propiedad,48,Ninguno,Gratis,1,No calificado - residente,2,No,Sí,Mal Pagador
< 0 DM,21,Créditos existentes pagados hasta ahora,Radio/TV,3357,>= 1000 DM,< 1 año,4,Mujer: divorciada/separada/casada,Ninguno,2,Auto u otro,29,Banco,Propia,1,Empleado calificado / oficial,1,No,Sí,Buen Pagador
< 0 DM,24,Todos los créditos en este banco pagados,Auto (usado),3632,< 100 DM,1 - 4 años,1,Mujer: divorciada/separada/casada,Garante,4,Auto u otro,22,Banco,Alquiler,1,Empleado calificado / oficial,1,No,No,Buen Pagador
Sin cuenta,18,Retraso en pagos en el pasado,Muebles/Equipo,1808,< 100 DM,4 - 7 años,4,Mujer: divorciada/separada/casada,Ninguno,1,Bienes raíces,22,Ninguno,Propia,1,Empleado calificado / oficial,1,No,Sí,Mal Pagador
0 - 200 DM,48,Sin créditos / Todos pagados,Negocios,12204,Desconocido / Sin ahorros,1 - 4 años,2,Hombre: soltero,Ninguno,2,Auto u otro,48,Banco,Propia,1,Gerencia / Autoempleado / Altamente calificado,1,Sí,Sí,Buen Pagador
0 - 200 DM,60,Retraso en pagos en el pasado,Radio/TV,9157,Desconocido / Sin ahorros,1 - 4 años,2,Hombre: soltero,Ninguno,2,Desconocido / Sin propiedad,27,Ninguno,Gratis,1,Gerencia / Autoempleado / Altamente calificado,1,No,Sí,Buen Pagador
< 0 DM,6,Cuenta crítica / Otros créditos,Auto (nuevo),3676,< 100 DM,1 - 4 años,1,Hombre: soltero,Ninguno,3,Bienes raíces,37,Ninguno,Alquiler,3,Empleado calificado / oficial,2,No,Sí,Buen Pagador
0 - 200 DM,30,Créditos existentes pagados hasta ahora,Muebles/Equipo,3441,100 - 500 DM,1 - 4 años,2,Mujer: divorciada/separada/casada,Co-solicitante,4,Auto u otro,21,Ninguno,Alquiler,1,Empleado calificado / oficial,1,No,Sí,Mal Pagador
Sin cuenta,12,Créditos existentes pagados hasta ahora,Auto (nuevo),640,< 100 DM,1 - 4 años,4,Hombre: divorciado/separado,Ninguno,2,Bienes raíces,49,Ninguno,Propia,1,No calificado - residente,1,No,Sí,Buen Pagador
0 - 200 DM,21,Cuenta crítica / Otros créditos,Negocios,3652,< 100 DM,4 - 7 años,2,Hombre: soltero,Ninguno,3,Seguro de vida / Ahorro para vivienda,27,Ninguno,Propia,2,Empleado calificado / oficial,1,No,Sí,Buen Pagador
Sin cuenta,18,Cuenta crítica / Otros créditos,Auto (nuevo),1530,< 100 DM,1 - 4 años,3,Hombre: soltero,Ninguno,2,Seguro de vida / Ahorro para vivienda,32,Banco,Propia,2,Empleado calificado / oficial,1,No,Sí,Mal Pagador
Sin cuenta,48,Créditos existentes pagados hasta ahora,Negocios,3914,Desconocido / Sin ahorros,1 - 4 años,4,Hombre: divorciado/separado,Ninguno,2,Bienes raíces,38,Banco,Propia,1,Empleado calificado / oficial,1,No,Sí,Mal Pagador
< 0 DM,12,Créditos existentes pagados hasta ahora,Muebles/Equipo,1858,< 100 DM,< 1 año,4,Mujer: divorciada/separada/casada,Ninguno,1,Auto u otro,22,Ninguno,Alquiler,1,Empleado calificado / oficial,1,No,Sí,Buen Pagador
< 0 DM,18,Créditos existentes pagados hasta ahora,Radio/TV,2600,< 100 DM,1 - 4 años,4,Hombre: soltero,Ninguno,4,Desconocido / Sin propiedad,65,Ninguno,Gratis,2,Empleado calificado / oficial,1,No,Sí,Mal Pagador
Sin cuenta,15,Créditos existentes pagados hasta ahora,Radio/TV,1979,Desconocido / Sin ahorros,>= 7 años,4,Hombre: soltero,Ninguno,2,Auto u otro,35,Ninguno,Propia,1,Empleado calificado / oficial,1,No,Sí,Buen Pagador
>= 200 DM,6,Créditos existentes pagados hasta ahora,Muebles/Equipo,2116,< 100 DM,1 - 4 años,2,Hombre: soltero,Ninguno,2,Bienes raíces,41,Ninguno,Propia,1,Empleado calificado / oficial,1,Sí,Sí,Buen Pagador
0 - 200 DM,9,Todos los créditos en este banco pagados,Auto (nuevo),1437,100 - 500 DM,4 - 7 años,2,Hombre: soltero,Ninguno,3,Desconocido / Sin propiedad,29,Ninguno,Propia,1,Empleado calificado / oficial,1,No,Sí,Mal Pagador
Sin cuenta,42,Cuenta crítica / Otros créditos,Muebles/Equipo,4042,500 - 1000 DM,1 - 4 años,4,Hombre: soltero,Ninguno,4,Bienes raíces,36,Ninguno,Propia,2,Empleado calificado / oficial,1,Sí,Sí,Buen Pagador
Sin cuenta,9,Créditos existentes pagados hasta ahora,Educación,3832,Desconocido / Sin ahorros,>= 7 años,1,Hombre: soltero,Ninguno,4,Bienes raíces,64,Ninguno,Propia,1,No calificado - residente,1,No,Sí,Buen Pagador
< 0 DM,24,Créditos existentes pagados hasta ahora,Radio/TV,3660,< 100 DM,1 - 4 años,2,Mujer: divorciada/separada/casada,Ninguno,4,Auto u otro,28,Ninguno,Propia,1,Empleado calificado / oficial,1,No,Sí,Buen Pagador
< 0 DM,18,Todos los créditos en este banco pagados,Muebles/Equipo,1553,< 100 DM,1 - 4 años,4,Hombre: soltero,Ninguno,3,Auto u otro,44,Banco,Propia,1,Empleado calificado / oficial,1,No,Sí,Mal Pagador
0 - 200 DM,15,Créditos existentes pagados hasta ahora,Radio/TV,1444,Desconocido / Sin ahorros,< 1 año,4,Hombre: soltero,Ninguno,1,Seguro de vida / Ahorro para vivienda,23,Ninguno,Propia,1,Empleado calificado / oficial,1,No,Sí,Buen Pagador
Sin cuenta,9,Créditos existentes pagados hasta ahora,Muebles/Equipo,1980,< 100 DM,< 1 año,2,Mujer: divorciada/separada/casada,Co-solicitante,2,Auto u otro,19,Ninguno,Alquiler,2,Empleado calificado / oficial,1,No,Sí,Mal Pagador
0 - 200 DM,24,Créditos existentes pagados hasta ahora,Auto (nuevo),1355,< 100 DM,< 1 año,3,Mujer: divorciada/separada/casada,Ninguno,4,Auto u otro,25,Ninguno,Propia,1,No calificado - residente,1,Sí,Sí,Mal Pagador
Sin cuenta,12,Créditos existentes pagados hasta ahora,Educación,1393,< 100 DM,>= 7 años,4,Hombre: soltero,Ninguno,4,Seguro de vida / Ahorro para vivienda,47,Banco,Propia,3,Empleado calificado / oficial,2,Sí,Sí,Buen Pagador
Sin cuenta,24,Créditos existentes pagados hasta ahora,Radio/TV,1376,500 - 1000 DM,4 - 7 años,4,Mujer: divorciada/separada/casada,Ninguno,1,Auto u otro,28,Ninguno,Propia,1,Empleado calificado / oficial,1,No,Sí,Buen Pagador
Sin cuenta,60,Retraso en pagos en el pasado,Radio/TV,15653,< 100 DM,4 - 7 años,2,Hombre: soltero,Ninguno,4,Auto u otro,21,Ninguno,Propia,2,Empleado calificado / oficial,1,Sí,Sí,Buen Pagador
Sin cuenta,12,Créditos existentes pagados hasta ahora,Radio/TV,1493,< 100 DM,< 1 año,4,Mujer: divorciada/separada/casada,Ninguno,3,Auto u otro,34,Ninguno,Propia,1,Empleado calificado / oficial,2,No,Sí,Buen Pagador
< 0 DM,42,Retraso en pagos en el pasado,Radio/TV,4370,< 100 DM,4 - 7 años,3,Hombre: soltero,Ninguno,2,Seguro de vida / Ahorro para vivienda,26,Banco,Propia,2,Empleado calificado / oficial,2,Sí,Sí,Mal Pagador
< 0 DM,18,Créditos existentes pagados hasta ahora,Educación,750,< 100 DM,Desempleado,4,Mujer: divorciada/separada/casada,Ninguno,1,Bienes raíces,27,Ninguno,Propia,1,No calificado - no residente,1,No,Sí,Mal Pagador
0 - 200 DM,15,Créditos existentes pagados hasta ahora,Reparaciones,1308,< 100 DM,>= 7 años,4,Hombre: soltero,Ninguno,4,Auto u otro,38,Ninguno,Propia,2,No calificado - residente,1,No,Sí,Buen Pagador
Sin cuenta,15,Créditos existentes pagados hasta ahora,Educación,4623,100 - 500 DM,1 - 4 años,3,Hombre: soltero,Ninguno,2,Seguro de vida / Ahorro para vivienda,40,Ninguno,Propia,1,Gerencia / Autoempleado / Altamente calificado,1,Sí,Sí,Mal Pagador
Sin cuenta,24,Cuenta crítica / Otros créditos,Radio/TV,1851,< 100 DM,4 - 7 años,4,Hombre: casado/viudo,Garante,2,Auto u otro,33,Ninguno,Propia,2,Empleado calificado / oficial,1,Sí,Sí,Buen Pagador
< 0 DM,18,Cuenta crítica / Otros créditos,Radio/TV,1880,< 100 DM,4 - 7 años,4,Hombre: casado/viudo,Ninguno,1,Seguro de vida / Ahorro para vivienda,32,Ninguno,Propia,2,Gerencia / Autoempleado / Altamente calificado,1,Sí,Sí,Buen Pagador
Sin cuenta,36,Retraso en pagos en el pasado,Negocios,7980,Desconocido / Sin ahorros,< 1 año,4,Hombre: soltero,Ninguno,4,Auto u otro,27,Ninguno,Alquiler,2,Empleado calificado / oficial,1,Sí,Sí,Mal Pagador
< 0 DM,30,Sin créditos / Todos pagados,Muebles/Equipo,4583,< 100 DM,1 - 4 años,2,Hombre: divorciado/separado,Garante,2,Bienes raíces,32,Ninguno,Propia,2,Empleado calificado / oficial,1,No,Sí,Buen Pagador
Sin cuenta,12,Créditos existentes pagados hasta ahora,Auto (nuevo),1386,500 - 1000 DM,1 - 4 años,2,Mujer: divorciada/separada/casada,Ninguno,2,Seguro de vida / Ahorro para vivienda,26,Ninguno,Propia,1,Empleado calificado / oficial,1,No,Sí,Mal Pagador
>= 200 DM,24,Créditos existentes pagados hasta ahora,Auto (nuevo),947,< 100 DM,4 - 7 años,4,Hombre: soltero,Ninguno,3,Desconocido / Sin propiedad,38,Banco,Gratis,1,Empleado calificado / oficial,2,No,Sí,Mal Pagador
< 0 DM,12,Créditos existentes pagados hasta ahora,Educación,684,< 100 DM,1 - 4 años,4,Hombre: soltero,Ninguno,4,Auto u otro,40,Ninguno,Alquiler,1,No calificado - residente,2,No,Sí,Mal Pagador
< 0 DM,48,Créditos existentes pagados hasta ahora,Educación,7476,< 100 DM,4 - 7 años,4,Hombre: soltero,Ninguno,1,Desconocido / Sin propiedad,50,Ninguno,Gratis,1,Gerencia / Autoempleado / Altamente calificado,1,Sí,Sí,Buen Pagador
0 - 200 DM,12,Créditos existentes pagados hasta ahora,Muebles/Equipo,1922,< 100 DM,1 - 4 años,4,Hombre: soltero,Ninguno,2,Seguro de vida / Ahorro para vivienda,37,Ninguno,Propia,1,No calificado - residente,1,No,Sí,Mal Pagador
< 0 DM,24,Créditos existentes pagados hasta ahora,Auto (nuevo),2303,< 100 DM,>= 7 años,4,Hombre: soltero,Co-solicitante,1,Bienes raíces,45,Ninguno,Propia,1,Empleado calificado / oficial,1,No,Sí,Mal Pagador
0 - 200 DM,36,Retraso en pagos en el pasado,Auto (nuevo),8086,100 - 500 DM,>= 7 años,2,Hombre: soltero,Ninguno,4,Auto u otro,42,Ninguno,Propia,4,Gerencia / Autoempleado / Altamente calificado,1,Sí,Sí,Mal Pagador
Sin cuenta,24,Cuenta crítica / Otros créditos,Auto (usado),2346,< 100 DM,4 - 7 años,4,Hombre: soltero,Ninguno,3,Auto u otro,35,Ninguno,Propia,2,Empleado calificado / oficial,1,Sí,Sí,Buen Pagador
< 0 DM,14,Créditos existentes pagados hasta ahora,Auto (nuevo),3973,< 100 DM,Desempleado,1,Hombre: soltero,Ninguno,4,Desconocido / Sin propiedad,22,Ninguno,Gratis,1,Empleado calificado / oficial,1,No,Sí,Buen Pagador
0 - 200 DM,12,Créditos existentes pagados hasta ahora,Auto (nuevo),888,< 100 DM,>= 7 años,4,Hombre: soltero,Ninguno,4,Auto u otro,41,Banco,Propia,1,No calificado - residente,2,No,Sí,Mal Pagador
Sin cuenta,48,Créditos existentes pagados hasta ahora,Radio/TV,10222,Desconocido / Sin ahorros,4 - 7 años,4,Hombre: soltero,Ninguno,3,Auto u otro,37,Tiendas,Propia,1,Empleado calificado / oficial,1,Sí,Sí,Buen Pagador
0 - 200 DM,30,Sin créditos / Todos pagados,Negocios,4221,< 100 DM,1 - 4 años,2,Mujer: divorciada/separada/casada,Ninguno,1,Auto u otro,28,Ninguno,Propia,2,Empleado calificado / oficial,1,No,Sí,Buen Pagador
0 - 200 DM,18,Cuenta crítica / Otros créditos,Muebles/Equipo,6361,< 100 DM,>= 7 años,2,Hombre: soltero,Ninguno,1,Desconocido / Sin propiedad,41,Ninguno,Propia,1,Empleado calificado / oficial,1,Sí,Sí,Buen Pagador
>= 200 DM,12,Créditos existentes pagados hasta ahora,Radio/TV,1297,< 100 DM,1 - 4 años,3,Hombre: casado/viudo,Ninguno,4,Bienes raíces,23,Ninguno,Alquiler,1,Empleado calificado / oficial,1,No,Sí,Buen Pagador
< 0 DM,12,Créditos existentes pagados hasta ahora,Auto (nuevo),900,Desconocido / Sin ahorros,1 - 4 años,4,Hombre: casado/viudo,Ninguno,2,Auto u otro,23,Ninguno,Propia,1,Empleado calificado / oficial,1,No,Sí,Mal Pagador
Sin cuenta,21,Créditos existentes pagados hasta ahora,Muebles/Equipo,2241,< 100 DM,>= 7 años,4,Hombre: soltero,Ninguno,2,Bienes raíces,50,Ninguno,Propia,2,Empleado calificado / oficial,1,No,Sí,Buen Pagador
0 - 200 DM,6,Retraso en pagos en el pasado,Muebles/Equipo,1050,< 100 DM,Desempleado,4,Hombre: soltero,Ninguno,1,Seguro de vida / Ahorro para vivienda,35,Tiendas,Propia,2,Gerencia / Autoempleado / Altamente calificado,1,Sí,Sí,Buen Pagador
>= 200 DM,6,Cuenta crítica / Otros créditos,Educación,1047,< 100 DM,1 - 4 años,2,Mujer: divorciada/separada/casada,Ninguno,4,Seguro de vida / Ahorro para vivienda,50,Ninguno,Propia,1,No calificado - residente,1,No,Sí,Buen Pagador
Sin cuenta,24,Cuenta crítica / Otros créditos,Otros,6314,< 100 DM,Desempleado,4,Hombre: soltero,Co-solicitante,2,Desconocido / Sin propiedad,27,Banco,Propia,2,Gerencia / Autoempleado / Altamente calificado,1,Sí,Sí,Buen Pagador
0 - 200 DM,30,Todos los créditos en este banco pagados,Muebles/Equipo,3496,>= 1000 DM,1 - 4 años,4,Hombre: soltero,Ninguno,2,Auto u otro,34,Tiendas,Propia,1,Empleado calificado / oficial,2,Sí,Sí,Buen Pagador
Sin cuenta,48,Todos los créditos en este banco pagados,Negocios,3609,< 100 DM,1 - 4 años,1,Mujer: divorciada/separada/casada,Ninguno,1,Bienes raíces,27,Tiendas,Propia,1,Empleado calificado / oficial,1,No,Sí,Buen Pagador
< 0 DM,12,Cuenta crítica / Otros créditos,Auto (nuevo),4843,< 100 DM,>= 7 años,3,Hombre: soltero,Co-solicitante,4,Seguro de vida / Ahorro para vivienda,43,Ninguno,Alquiler,2,Empleado calificado / oficial,1,Sí,Sí,Mal Pagador
>= 200 DM,30,Cuenta crítica / Otros créditos,Radio/TV,3017,< 100 DM,>= 7 años,4,Hombre: soltero,Ninguno,4,Seguro de vida / Ahorro para vivienda,47,Ninguno,Propia,1,Empleado calificado / oficial,1,No,Sí,Buen Pagador
Sin cuenta,24,Cuenta crítica / Otros créditos,Negocios,4139,100 - 500 DM,1 - 4 años,3,Hombre: soltero,Ninguno,3,Seguro de vida / Ahorro para vivienda,27,Ninguno,Propia,2,No calificado - residente,1,Sí,Sí,Buen Pagador
Sin cuenta,36,Créditos existentes pagados hasta ahora,Negocios,5742,100 - 500 DM,4 - 7 años,2,Hombre: soltero,Ninguno,2,Auto u otro,31,Ninguno,Propia,2,Empleado calificado / oficial,1,Sí,Sí,Buen Pagador
Sin cuenta,60,Créditos existentes pagados hasta ahora,Auto (nuevo),10366,< 100 DM,>= 7 años,2,Hombre: soltero,Ninguno,4,Seguro de vida / Ahorro para vivienda,42,Ninguno,Propia,1,Gerencia / Autoempleado / Altamente calificado,1,Sí,Sí,Buen Pagador
Sin cuenta,6,Cuenta crítica / Otros créditos,Auto (nuevo),2080,500 - 1000 DM,1 - 4 años,1,Hombre: casado/viudo,Ninguno,2,Auto u otro,24,Ninguno,Propia,1,Empleado calificado / oficial,1,No,Sí,Buen Pagador
Sin cuenta,21,Retraso en pagos en el pasado,Negocios,2580,500 - 1000 DM,< 1 año,4,Hombre: soltero,Ninguno,2,Bienes raíces,41,Banco,Propia,1,No calificado - residente,2,No,Sí,Mal Pagador
Sin cuenta,30,Cuenta crítica / Otros créditos,Radio/TV,4530,< 100 DM,4 - 7 años,4,Mujer: divorciada/separada/casada,Ninguno,4,Auto u otro,26,Ninguno,Alquiler,1,Gerencia / Autoempleado / Altamente calificado,1,Sí,Sí,Buen Pagador
Sin cuenta,24,Cuenta crítica / Otros créditos,Muebles/Equipo,5150,< 100 DM,>= 7 años,4,Hombre: soltero,Ninguno,4,Auto u otro,33,Ninguno,Propia,1,Empleado calificado / oficial,1,Sí,Sí,Buen Pagador
0 - 200 DM,72,Créditos existentes pagados hasta ahora,Radio/TV,5595,100 - 500 DM,1 - 4 años,2,Hombre: casado/viudo,Ninguno,2,Auto u otro,24,Ninguno,Propia,1,Empleado calificado / oficial,1,No,Sí,Mal Pagador
< 0 DM,24,Créditos existentes pagados hasta ahora,Radio/TV,2384,< 100 DM,>= 7 años,4,Hombre: soltero,Ninguno,4,Bienes raíces,64,Banco,Alquiler,1,No calificado - residente,1,No,Sí,Buen Pagador
Sin cuenta,18,Créditos existentes pagados hasta ahora,Radio/TV,1453,< 100 DM,< 1 año,3,Mujer: divorciada/separada/casada,Ninguno,1,Bienes raíces,26,Ninguno,Propia,1,Empleado calificado / oficial,1,No,Sí,Buen Pagador
Sin cuenta,6,Créditos existentes pagados hasta ahora,Educación,1538,< 100 DM,< 1 año,1,Mujer: divorciada/separada/casada,Ninguno,2,Desconocido / Sin propiedad,56,Ninguno,Propia,1,Empleado calificado / oficial,1,No,Sí,Buen Pagador
Sin cuenta,12,Créditos existentes pagados hasta ahora,Radio/TV,2279,Desconocido / Sin ahorros,1 - 4 años,4,Hombre: soltero,Ninguno,4,Desconocido / Sin propiedad,37,Ninguno,Gratis,1,Empleado calificado / oficial,1,Sí,Sí,Buen Pagador
Sin cuenta,15,Retraso en pagos en el pasado,Radio/TV,1478,< 100 DM,1 - 4 años,4,Hombre: casado/viudo,Ninguno,3,Bienes raíces,33,Banco,Propia,2,Empleado calificado / oficial,1,No,Sí,Buen Pagador
Sin cuenta,24,Cuenta crítica / Otros créditos,Radio/TV,5103,< 100 DM,< 1 año,3,Hombre: casado/viudo,Ninguno,3,Desconocido / Sin propiedad,47,Ninguno,Gratis,3,Empleado calificado / oficial,1,Sí,Sí,Buen Pagador
0 - 200 DM,36,Retraso en pagos en el pasado,Negocios,9857,100 - 500 DM,4 - 7 años,1,Hombre: soltero,Ninguno,3,Seguro de vida / Ahorro para vivienda,31,Ninguno,Propia,2,No calificado - residente,2,Sí,Sí,Buen Pagador
Sin cuenta,60,Créditos existentes pagados hasta ahora,Auto (nuevo),6527,Desconocido / Sin ahorros,1 - 4 años,4,Hombre: soltero,Ninguno,4,Desconocido / Sin propiedad,34,Ninguno,Gratis,1,Empleado calificado / oficial,2,Sí,Sí,Buen Pagador
>= 200 DM,10,Cuenta crítica / Otros créditos,Radio/TV,1347,Desconocido / Sin ahorros,4 - 7 años,4,Hombre: soltero,Ninguno,2,Seguro de vida / Ahorro para vivienda,27,Ninguno,Propia,2,Empleado calificado / oficial,1,Sí,Sí,Buen Pagador
0 - 200 DM,36,Retraso en pagos en el pasado,Auto (nuevo),2862,100 - 500 DM,>= 7 años,4,Hombre: soltero,Ninguno,3,Desconocido / Sin propiedad,30,Ninguno,Gratis,1,Empleado calificado / oficial,1,No,Sí,Buen Pagador
Sin cuenta,9,Créditos existentes pagados hasta ahora,Radio/TV,2753,100 - 500 DM,>= 7 años,3,Hombre: soltero,Co-solicitante,4,Auto u otro,35,Ninguno,Propia,1,Empleado calificado / oficial,1,Sí,Sí,Buen Pagador
< 0 DM,12,Créditos existentes pagados hasta ahora,Auto (nuevo),3651,>= 1000 DM,1 - 4 años,1,Hombre: soltero,Ninguno,3,Seguro de vida / Ahorro para vivienda,31,Ninguno,Propia,1,Empleado calificado / oficial,2,No,Sí,Buen Pagador
< 0 DM,15,Cuenta crítica / Otros créditos,Muebles/Equipo,975,< 100 DM,1 - 4 años,2,Hombre: divorciado/separado,Ninguno,3,Seguro de vida / Ahorro para vivienda,25,Ninguno,Propia,2,Empleado calificado / oficial,1,No,Sí,Buen Pagador
0 - 200 DM,15,Créditos existentes pagados hasta ahora,Reparaciones,2631,100 - 500 DM,1 - 4 años,3,Mujer: divorciada/separada/casada,Ninguno,2,Bienes raíces,25,Ninguno,Propia,1,No calificado - residente,1,No,Sí,Buen Pagador
0 - 200 DM,24,Créditos existentes pagados hasta ahora,Radio/TV,2896,100 - 500 DM,< 1 año,2,Hombre: soltero,Ninguno,1,Auto u otro,29,Ninguno,Propia,1,Empleado calificado / oficial,1,No,Sí,Buen Pagador
< 0 DM,6,Cuenta crítica / Otros créditos,Auto (nuevo),4716,Desconocido / Sin ahorros,< 1 año,1,Hombre: soltero,Ninguno,3,Bienes raíces,44,Ninguno,Propia,2,No calificado - residente,2,No,Sí,Buen Pagador
Sin cuenta,24,Créditos existentes pagados hasta ahora,Radio/TV,2284,< 100 DM,4 - 7 años,4,Hombre: soltero,Ninguno,2,Auto u otro,28,Ninguno,Propia,1,Empleado calificado / oficial,1,Sí,Sí,Buen Pagador
Sin cuenta,6,Créditos existentes pagados hasta ahora,Auto (usado),1236,500 - 1000 DM,1 - 4 años,2,Hombre: soltero,Ninguno,4,Seguro de vida / Ahorro para vivienda,50,Ninguno,Alquiler,1,Empleado calificado / oficial,1,No,Sí,Buen Pagador
0 - 200 DM,12,Créditos existentes pagados hasta ahora,Radio/TV,1103,< 100 DM,4 - 7 años,4,Hombre: soltero,Garante,3,Bienes raíces,29,Ninguno,Propia,2,Empleado calificado / oficial,1,No,No,Buen Pagador
Sin cuenta,12,Cuenta crítica / Otros créditos,Auto (nuevo),926,< 100 DM,Desempleado,1,Mujer: divorciada/separada/casada,Ninguno,2,Seguro de vida / Ahorro para vivienda,38,Ninguno,Propia,1,No calificado - no residente,1,No,Sí,Buen Pagador
Sin cuenta,18,Cuenta crítica / Otros créditos,Radio/TV,1800,< 100 DM,1 - 4 años,4,Hombre: soltero,Ninguno,2,Auto u otro,24,Ninguno,Propia,2,Empleado calificado / oficial,1,No,Sí,Buen Pagador
>= 200 DM,15,Créditos existentes pagados hasta ahora,Educación,1905,< 100 DM,>= 7 años,4,Hombre: soltero,Ninguno,4,Auto u otro,40,Ninguno,Alquiler,1,Gerencia / Autoempleado / Altamente calificado,1,Sí,Sí,Buen Pagador
Sin cuenta,12,Créditos existentes pagados hasta ahora,Muebles/Equipo,1123,500 - 1000 DM,1 - 4 años,4,Mujer: divorciada/separada/casada,Ninguno,4,Auto u otro,29,Ninguno,Alquiler,1,No calificado - residente,1,No,Sí,Mal Pagador
< 0 DM,48,Cuenta crítica / Otros créditos,Auto (usado),6331,< 100 DM,>= 7 años,4,Hombre: soltero,Ninguno,4,Desconocido / Sin propiedad,46,Ninguno,Gratis,2,Empleado calificado / oficial,1,Sí,Sí,Mal Pagador
>= 200 DM,24,Créditos existentes pagados hasta ahora,Radio/TV,1377,100 - 500 DM,>= 7 años,4,Mujer: divorciada/separada/casada,Ninguno,2,Desconocido / Sin propiedad,47,Ninguno,Gratis,1,Empleado calificado / oficial,1,Sí,Sí,Buen Pagador
0 - 200 DM,30,Retraso en pagos en el pasado,Negocios,2503,100 - 500 DM,>= 7 años,4,Hombre: soltero,Ninguno,2,Seguro de vida / Ahorro para vivienda,41,Tiendas,Propia,2,Empleado calificado / oficial,1,No,Sí,Buen Pagador
0 - 200 DM,27,Créditos existentes pagados hasta ahora,Negocios,2528,< 100 DM,< 1 año,4,Mujer: divorciada/separada/casada,Ninguno,1,Seguro de vida / Ahorro para vivienda,32,Ninguno,Propia,1,Empleado calificado / oficial,2,Sí,Sí,Buen Pagador
Sin cuenta,15,Créditos existentes pagados hasta ahora,Auto (nuevo),5324,500 - 1000 DM,>= 7 años,1,Mujer: divorciada/separada/casada,Ninguno,4,Desconocido / Sin propiedad,35,Ninguno,Gratis,1,Empleado calificado / oficial,1,No,Sí,Buen Pagador
0 - 200 DM,48,Créditos existentes pagados hasta ahora,Auto (nuevo),6560,100 - 500 DM,4 - 7 años,3,Hombre: soltero,Ninguno,2,Seguro de vida / Ahorro para vivienda,24,Ninguno,Propia,1,Empleado calificado / oficial,1,No,Sí,Mal Pagador
0 - 200 DM,12,Sin créditos / Todos pagados,Muebles/Equipo,2969,< 100 DM,< 1 año,4,Mujer: divorciada/separada/casada,Ninguno,3,Seguro de vida / Ahorro para vivienda,25,Ninguno,Alquiler,2,Empleado calificado / oficial,1,No,Sí,Mal Pagador
0 - 200 DM,9,Créditos existentes pagados hasta ahora,Radio/TV,1206,< 100 DM,>= 7 años,4,Mujer: divorciada/separada/casada,Ninguno,4,Bienes raíces,25,Ninguno,Propia,1,Empleado calificado / oficial,1,No,Sí,Buen Pagador
0 - 200 DM,9,Créditos existentes pagados hasta ahora,Radio/TV,2118,< 100 DM,1 - 4 años,2,Hombre: soltero,Ninguno,2,Bienes raíces,37,Ninguno,Propia,1,No calificado - residente,2,No,Sí,Buen Pagador
Sin cuenta,18,Cuenta crítica / Otros créditos,Radio/TV,629,500 - 1000 DM,>= 7 años,4,Hombre: soltero,Ninguno,3,Seguro de vida / Ahorro para vivienda,32,Banco,Propia,2,Gerencia / Autoempleado / Altamente calificado,1,Sí,Sí,Buen Pagador
< 0 DM,6,Todos los créditos en este banco pagados,Educación,1198,< 100 DM,>= 7 años,4,Mujer: divorciada/separada/casada,Ninguno,4,Desconocido / Sin propiedad,35,Ninguno,Gratis,1,Empleado calificado / oficial,1,No,Sí,Mal Pagador
Sin cuenta,21,Créditos existentes pagados hasta ahora,Auto (usado),2476,Desconocido / Sin ahorros,>= 7 años,4,Hombre: soltero,Ninguno,4,Bienes raíces,46,Ninguno,Propia,1,Gerencia / Autoempleado / Altamente calificado,1,Sí,Sí,Buen Pagador
< 0 DM,9,Cuenta crítica / Otros créditos,Radio/TV,1138,< 100 DM,1 - 4 años,4,Hombre: soltero,Ninguno,4,Bienes raíces,25,Ninguno,Propia,2,No calificado - residente,1,No,Sí,Buen Pagador
0 - 200 DM,60,Créditos existentes pagados hasta ahora,Auto (nuevo),14027,< 100 DM,4 - 7 años,4,Hombre: soltero,Ninguno,2,Desconocido / Sin propiedad,27,Ninguno,Propia,1,Gerencia / Autoempleado / Altamente calificado,1,Sí,Sí,Mal Pagador
Sin cuenta,30,Cuenta crítica / Otros créditos,Auto (usado),7596,Desconocido / Sin ahorros,>= 7 años,1,Hombre: soltero,Ninguno,4,Auto u otro,63,Ninguno,Propia,2,Empleado calificado / oficial,1,No,Sí,Buen Pagador
Sin cuenta,30,Cuenta crítica / Otros créditos,Radio/TV,3077,Desconocido / Sin ahorros,>= 7 años,3,Hombre: soltero,Ninguno,2,Auto u otro,40,Ninguno,Propia,2,Empleado calificado / oficial,2,Sí,Sí,Buen Pagador
Sin cuenta,18,Créditos existentes pagados hasta ahora,Radio/TV,1505,< 100 DM,1 - 4 años,4,Hombre: soltero,Ninguno,2,Desconocido / Sin propiedad,32,Ninguno,Gratis,1,Gerencia / Autoempleado / Altamente calificado,1,Sí,Sí,Buen Pagador
>= 200 DM,24,Cuenta crítica / Otros créditos,Radio/TV,3148,Desconocido / Sin ahorros,1 - 4 años,3,Hombre: soltero,Ninguno,2,Auto u otro,31,Ninguno,Propia,2,Empleado calificado / oficial,1,Sí,Sí,Buen Pagador
0 - 200 DM,20,Sin créditos / Todos pagados,Auto (usado),6148,100 - 500 DM,>= 7 años,3,Hombre: casado/viudo,Ninguno,4,Auto u otro,31,Banco,Propia,2,Empleado calificado / oficial,1,Sí,Sí,Buen Pagador
>= 200 DM,9,Sin créditos / Todos pagados,Radio/TV,1337,< 100 DM,< 1 año,4,Hombre: soltero,Ninguno,2,Auto u otro,34,Ninguno,Propia,2,Gerencia / Autoempleado / Altamente calificado,1,Sí,Sí,Mal Pagador
0 - 200 DM,6,Todos los créditos en este banco pagados,Educación,433,>= 1000 DM,< 1 año,4,Mujer: divorciada/separada/casada,Ninguno,2,Seguro de vida / Ahorro para vivienda,24,Banco,Alquiler,1,Empleado calificado / oficial,2,No,Sí,Mal Pagador
< 0 DM,12,Créditos existentes pagados hasta ahora,Auto (nuevo),1228,< 100 DM,1 - 4 años,4,Mujer: divorciada/separada/casada,Ninguno,2,Bienes raíces,24,Ninguno,Propia,1,No calificado - residente,1,No,Sí,Mal Pagador
0 - 200 DM,9,Créditos existentes pagados hasta ahora,Radio/TV,790,500 - 1000 DM,1 - 4 años,4,Mujer: divorciada/separada/casada,Ninguno,3,Bienes raíces,66,Ninguno,Propia,1,No calificado - residente,1,No,Sí,Buen Pagador
Sin cuenta,27,Créditos existentes pagados hasta ahora,Auto (nuevo),2570,< 100 DM,1 - 4 años,3,Mujer: divorciada/separada/casada,Ninguno,3,Bienes raíces,21,Ninguno,Alquiler,1,Empleado calificado / oficial,1,No,Sí,Mal Pagador
Sin cuenta,6,Cuenta crítica / Otros créditos,Auto (nuevo),250,>= 1000 DM,1 - 4 años,2,Mujer: divorciada/separada/casada,Ninguno,2,Bienes raíces,41,Banco,Propia,2,No calificado - residente,1,No,Sí,Buen Pagador
Sin cuenta,15,Cuenta crítica / Otros créditos,Radio/TV,1316,500 - 1000 DM,1 - 4 años,2,Hombre: casado/viudo,Ninguno,2,Seguro de vida / Ahorro para vivienda,47,Ninguno,Propia,2,No calificado - residente,1,No,Sí,Buen Pagador
< 0 DM,18,Créditos existentes pagados hasta ahora,Radio/TV,1882,< 100 DM,1 - 4 años,4,Mujer: divorciada/separada/casada,Ninguno,4,Auto u otro,25,Banco,Alquiler,2,Empleado calificado / oficial,1,No,Sí,Mal Pagador
0 - 200 DM,48,Todos los créditos en este banco pagados,Negocios,6416,< 100 DM,>= 7 años,4,Mujer: divorciada/separada/casada,Ninguno,3,Desconocido / Sin propiedad,59,Ninguno,Alquiler,1,Empleado calificado / oficial,1,No,Sí,Mal Pagador
>= 200 DM,24,Cuenta crítica / Otros créditos,Negocios,1275,>= 1000 DM,1 - 4 años,2,Hombre: divorciado/separado,Ninguno,4,Bienes raíces,36,Ninguno,Propia,2,Empleado calificado / oficial,1,Sí,Sí,Buen Pagador
0 - 200 DM,24,Retraso en pagos en el pasado,Radio/TV,6403,< 100 DM,< 1 año,1,Hombre: soltero,Ninguno,2,Auto u otro,33,Ninguno,Propia,1,Empleado calificado / oficial,1,No,Sí,Buen Pagador
< 0 DM,24,Créditos existentes pagados hasta ahora,Radio/TV,1987,< 100 DM,1 - 4 años,2,Hombre: soltero,Ninguno,4,Bienes raíces,21,Ninguno,Alquiler,1,No calificado - residente,2,No,Sí,Mal Pagador
0 - 200 DM,8,Créditos existentes pagados hasta ahora,Radio/TV,760,< 100 DM,4 - 7 años,4,Mujer: divorciada/separada/casada,Garante,2,Bienes raíces,44,Ninguno,Propia,1,No calificado - residente,1,No,Sí,Buen Pagador
Sin cuenta,24,Créditos existentes pagados hasta ahora,Auto (usado),2603,>= 1000 DM,1 - 4 años,2,Mujer: divorciada/separada/casada,Ninguno,4,Auto u otro,28,Ninguno,Alquiler,1,Empleado calificado / oficial,1,Sí,Sí,Buen Pagador
Sin cuenta,4,Cuenta crítica / Otros créditos,Auto (nuevo),3380,< 100 DM,4 - 7 años,1,Mujer: divorciada/separada/casada,Ninguno,1,Bienes raíces,37,Ninguno,Propia,1,Empleado calificado / oficial,2,No,Sí,Buen Pagador
0 - 200 DM,36,Todos los créditos en este banco pagados,Electrodomésticos,3990,Desconocido / Sin ahorros,< 1 año,3,Mujer: divorciada/separada/casada,Ninguno,2,Desconocido / Sin propiedad,29,Banco,Propia,1,No calificado - no residente,1,No,Sí,Buen Pagador
0 - 200 DM,24,Créditos existentes pagados hasta ahora,Auto (usado),11560,< 100 DM,1 - 4 años,1,Mujer: divorciada/separada/casada,Ninguno,4,Auto u otro,23,Ninguno,Alquiler,2,Gerencia / Autoempleado / Altamente calificado,1,No,Sí,Mal Pagador
< 0 DM,18,Créditos existentes pagados hasta ahora,Auto (nuevo),4380,100 - 500 DM,1 - 4 años,3,Hombre: soltero,Ninguno,4,Auto u otro,35,Ninguno,Propia,1,No calificado - residente,2,Sí,Sí,Buen Pagador
Sin cuenta,6,Cuenta crítica / Otros créditos,Auto (nuevo),6761,< 100 DM,4 - 7 años,1,Hombre: soltero,Ninguno,3,Desconocido / Sin propiedad,45,Ninguno,Propia,2,Gerencia / Autoempleado / Altamente calificado,2,Sí,Sí,Buen Pagador
0 - 200 DM,30,Sin créditos / Todos pagados,Negocios,4280,100 - 500 DM,1 - 4 años,4,Mujer: divorciada/separada/casada,Ninguno,4,Auto u otro,26,Ninguno,Alquiler,2,No calificado - residente,1,No,Sí,Mal Pagador
< 0 DM,24,Todos los créditos en este banco pagados,Auto (nuevo),2325,100 - 500 DM,4 - 7 años,2,Hombre: soltero,Ninguno,3,Auto u otro,32,Banco,Propia,1,Empleado calificado / oficial,1,No,Sí,Buen Pagador
0 - 200 DM,10,Todos los créditos en este banco pagados,Radio/TV,1048,< 100 DM,1 - 4 años,4,Hombre: soltero,Ninguno,4,Bienes raíces,23,Tiendas,Propia,1,No calificado - residente,1,No,Sí,Buen Pagador
Sin cuenta,21,Créditos existentes pagados hasta ahora,Radio/TV,3160,Desconocido / Sin ahorros,>= 7 años,4,Hombre: soltero,Ninguno,3,Seguro de vida / Ahorro para vivienda,41,Ninguno,Propia,1,Empleado calificado / oficial,1,Sí,Sí,Buen Pagador
< 0 DM,24,Todos los créditos en este banco pagados,Muebles/Equipo,2483,500 - 1000 DM,1 - 4 años,4,Hombre: soltero,Ninguno,4,Bienes raíces,22,Tiendas,Propia,1,Empleado calificado / oficial,1,Sí,Sí,Buen Pagador
< 0 DM,39,Cuenta crítica / Otros créditos,Muebles/Equipo,14179,Desconocido / Sin ahorros,4 - 7 años,4,Hombre: soltero,Ninguno,4,Seguro de vida / Ahorro para vivienda,30,Ninguno,Propia,2,Gerencia / Autoempleado / Altamente calificado,1,Sí,Sí,Buen Pagador
< 0 DM,13,Cuenta crítica / Otros créditos,Negocios,1797,< 100 DM,< 1 año,3,Hombre: soltero,Ninguno,1,Seguro de vida / Ahorro para vivienda,28,Banco,Propia,2,No calificado - residente,1,No,Sí,Buen Pagador
< 0 DM,15,Créditos existentes pagados hasta ahora,Auto (nuevo),2511,< 100 DM,Desempleado,1,Mujer: divorciada/separada/casada,Ninguno,4,Auto u otro,23,Ninguno,Alquiler,1,Empleado calificado / oficial,1,No,Sí,Buen Pagador
< 0 DM,12,Créditos existentes pagados hasta ahora,Auto (nuevo),1274,< 100 DM,< 1 año,3,Mujer: divorciada/separada/casada,Ninguno,1,Bienes raíces,37,Ninguno,Propia,1,No calificado - residente,1,No,Sí,Mal Pagador
Sin cuenta,21,Créditos existentes pagados hasta ahora,Auto (usado),5248,Desconocido / Sin ahorros,1 - 4 años,1,Hombre: soltero,Ninguno,3,Auto u otro,26,Ninguno,Propia,1,Empleado calificado / oficial,1,No,Sí,Buen Pagador
Sin cuenta,15,Créditos existentes pagados hasta ahora,Auto (usado),3029,< 100 DM,4 - 7 años,2,Hombre: soltero,Ninguno,2,Auto u otro,33,Ninguno,Propia,1,Empleado calificado / oficial,1,No,Sí,Buen Pagador
< 0 DM,6,Créditos existentes pagados hasta ahora,Muebles/Equipo,428,< 100 DM,>= 7 años,2,Mujer: divorciada/separada/casada,Ninguno,1,Seguro de vida / Ahorro para vivienda,49,Banco,Propia,1,Empleado calificado / oficial,1,Sí,Sí,Buen Pagador
< 0 DM,18,Créditos existentes pagados hasta ahora,Auto (nuevo),976,< 100 DM,< 1 año,1,Mujer: divorciada/separada/casada,Ninguno,2,Auto u otro,23,Ninguno,Propia,1,No calificado - residente,1,No,Sí,Mal Pagador
0 - 200 DM,12,Créditos existentes pagados hasta ahora,Negocios,841,100 - 500 DM,4 - 7 años,2,Mujer: divorciada/separada/casada,Ninguno,4,Bienes raíces,23,Ninguno,Alquiler,1,No calificado - residente,1,No,Sí,Buen Pagador
Sin cuenta,30,Cuenta crítica / Otros créditos,Radio/TV,5771,< 100 DM,4 - 7 años,4,Mujer: divorciada/separada/casada,Ninguno,2,Auto u otro,25,Ninguno,Propia,2,Empleado calificado / oficial,1,No,Sí,Buen Pagador
Sin cuenta,12,Retraso en pagos en el pasado,Reparaciones,1555,>= 1000 DM,>= 7 años,4,Hombre: soltero,Ninguno,4,Desconocido / Sin propiedad,55,Ninguno,Gratis,2,Empleado calificado / oficial,2,No,Sí,Mal Pagador
< 0 DM,24,Créditos existentes pagados hasta ahora,Auto (nuevo),1285,Desconocido / Sin ahorros,4 - 7 años,4,Mujer: divorciada/separada/casada,Ninguno,4,Desconocido / Sin propiedad,32,Ninguno,Alquiler,1,Empleado calificado / oficial,1,No,Sí,Mal Pagador
>= 200 DM,6,Cuenta crítica / Otros créditos,Auto (nuevo),1299,< 100 DM,1 - 4 años,1,Hombre: soltero,Ninguno,1,Bienes raíces,74,Ninguno,Propia,3,No calificado - no residente,2,No,No,Buen Pagador
>= 200 DM,15,Cuenta crítica / Otros créditos,Radio/TV,1271,Desconocido / Sin ahorros,1 - 4 años,3,Hombre: soltero,Ninguno,4,Desconocido / Sin propiedad,39,Ninguno,Gratis,2,Empleado calificado / oficial,1,Sí,Sí,Mal Pagador
Sin cuenta,24,Créditos existentes pagados hasta ahora,Auto (nuevo),1393,< 100 DM,1 - 4 años,2,Hombre: soltero,Garante,2,Bienes raíces,31,Ninguno,Propia,1,Empleado calificado / oficial,1,Sí,Sí,Buen Pagador
< 0 DM,12,Cuenta crítica / Otros créditos,Auto (nuevo),691,< 100 DM,>= 7 años,4,Hombre: soltero,Ninguno,3,Seguro de vida / Ahorro para vivienda,35,Ninguno,Propia,2,Empleado calificado / oficial,1,No,Sí,Mal Pagador
Sin cuenta,15,Cuenta crítica / Otros créditos,Auto (nuevo),5045,Desconocido / Sin ahorros,>= 7 años,1,Mujer: divorciada/separada/casada,Ninguno,4,Auto u otro,59,Ninguno,Propia,1,Empleado calificado / oficial,1,Sí,Sí,Buen Pagador
< 0 DM,18,Cuenta crítica / Otros créditos,Muebles/Equipo,2124,< 100 DM,1 - 4 años,4,Mujer: divorciada/separada/casada,Ninguno,4,Bienes raíces,24,Ninguno,Alquiler,2,Empleado calificado / oficial,1,No,Sí,Mal Pagador
< 0 DM,12,Créditos existentes pagados hasta ahora,Radio/TV,2214,< 100 DM,1 - 4 años,4,Hombre: soltero,Ninguno,3,Seguro de vida / Ahorro para vivienda,24,Ninguno,Propia,1,No calificado - residente,1,No,Sí,Buen Pagador
Sin cuenta,21,Cuenta crítica / Otros créditos,Auto (nuevo),12680,Desconocido / Sin ahorros,>= 7 años,4,Hombre: soltero,Ninguno,4,Desconocido / Sin propiedad,30,Ninguno,Gratis,1,Gerencia / Autoempleado / Altamente calificado,1,Sí,Sí,Mal Pagador
Sin cuenta,24,Cuenta crítica / Otros créditos,Auto (nuevo),2463,100 - 500 DM,4 - 7 años,4,Hombre: casado/viudo,Ninguno,3,Seguro de vida / Ahorro para vivienda,27,Ninguno,Propia,2,Empleado calificado / oficial,1,Sí,Sí,Buen Pagador
0 - 200 DM,12,Créditos existentes pagados hasta ahora,Radio/TV,1155,< 100 DM,>= 7 años,3,Hombre: casado/viudo,Garante,3,Bienes raíces,40,Banco,Propia,2,No calificado - residente,1,No,Sí,Buen Pagador
< 0 DM,30,Créditos existentes pagados hasta ahora,Muebles/Equipo,3108,< 100 DM,< 1 año,2,Hombre: divorciado/separado,Ninguno,4,Seguro de vida / Ahorro para vivienda,31,Ninguno,Propia,1,No calificado - residente,1,No,Sí,Mal Pagador
Sin cuenta,10,Créditos existentes pagados hasta ahora,Auto (usado),2901,Desconocido / Sin ahorros,< 1 año,1,Mujer: divorciada/separada/casada,Ninguno,4,Bienes raíces,31,Ninguno,Alquiler,1,Empleado calificado / oficial,1,No,Sí,Buen Pagador
0 - 200 DM,12,Cuenta crítica / Otros créditos,Muebles/Equipo,3617,< 100 DM,>= 7 años,1,Hombre: soltero,Ninguno,4,Auto u otro,28,Ninguno,Alquiler,3,Empleado calificado / oficial,1,Sí,Sí,Buen Pagador
Sin cuenta,12,Cuenta crítica / Otros créditos,Radio/TV,1655,< 100 DM,>= 7 años,2,Hombre: soltero,Ninguno,4,Bienes raíces,63,Ninguno,Propia,2,No calificado - residente,1,Sí,Sí,Buen Pagador
< 0 DM,24,Créditos existentes pagados hasta ahora,Auto (usado),2812,Desconocido / Sin ahorros,>= 7 años,2,Mujer: divorciada/separada/casada,Ninguno,4,Bienes raíces,26,Ninguno,Alquiler,1,Empleado calificado / oficial,1,No,Sí,Buen Pagador
< 0 DM,36,Cuenta crítica / Otros créditos,Educación,8065,< 100 DM,1 - 4 años,3,Mujer: divorciada/separada/casada,Ninguno,2,Desconocido / Sin propiedad,25,Ninguno,Propia,2,Gerencia / Autoempleado / Altamente calificado,1,Sí,Sí,Mal Pagador
Sin cuenta,21,Cuenta crítica / Otros créditos,Auto (usado),3275,< 100 DM,>= 7 años,1,Hombre: soltero,Ninguno,4,Auto u otro,36,Ninguno,Propia,1,Gerencia / Autoempleado / Altamente calificado,1,Sí,Sí,Buen Pagador
Sin cuenta,24,Cuenta crítica / Otros créditos,Radio/TV,2223,100 - 500 DM,>= 7 años,4,Hombre: soltero,Ninguno,4,Seguro de vida / Ahorro para vivienda,52,Banco,Propia,2,Empleado calificado / oficial,1,No,Sí,Buen Pagador
>= 200 DM,12,Cuenta crítica / Otros créditos,Auto (nuevo),1480,500 - 1000 DM,Desempleado,2,Hombre: soltero,Ninguno,4,Desconocido / Sin propiedad,66,Banco,Gratis,3,No calificado - no residente,1,No,Sí,Buen Pagador
< 0 DM,24,Créditos existentes pagados hasta ahora,Auto (nuevo),1371,Desconocido / Sin ahorros,1 - 4 años,4,Mujer: divorciada/separada/casada,Ninguno,4,Bienes raíces,25,Ninguno,Alquiler,1,Empleado calificado / oficial,1,No,Sí,Mal Pagador
Sin cuenta,36,Cuenta crítica / Otros créditos,Auto (nuevo),3535,< 100 DM,4 - 7 años,4,Hombre: soltero,Ninguno,4,Auto u otro,37,Ninguno,Propia,2,Empleado calificado / oficial,1,Sí,Sí,Buen Pagador
< 0 DM,18,Créditos existentes pagados hasta ahora,Radio/TV,3509,< 100 DM,4 - 7 años,4,Mujer: divorciada/separada/casada,Garante,1,Bienes raíces,25,Ninguno,Propia,1,Empleado calificado / oficial,1,No,Sí,Buen Pagador
Sin cuenta,36,Cuenta crítica / Otros créditos,Auto (usado),5711,>= 1000 DM,>= 7 años,4,Hombre: soltero,Ninguno,2,Auto u otro,38,Ninguno,Propia,2,Gerencia / Autoempleado / Altamente calificado,1,Sí,Sí,Buen Pagador
0 - 200 DM,18,Créditos existentes pagados hasta ahora,Reparaciones,3872,< 100 DM,Desempleado,2,Mujer: divorciada/separada/casada,Ninguno,4,Auto u otro,67,Ninguno,Propia,1,Empleado calificado / oficial,1,Sí,Sí,Buen Pagador
0 - 200 DM,39,Cuenta crítica / Otros créditos,Radio/TV,4933,< 100 DM,4 - 7 años,2,Hombre: soltero,Garante,2,Bienes raíces,25,Ninguno,Propia,2,Empleado calificado / oficial,1,No,Sí,Mal Pagador
Sin cuenta,24,Cuenta crítica / Otros créditos,Auto (nuevo),1940,>= 1000 DM,>= 7 años,4,Hombre: soltero,Ninguno,4,Bienes raíces,60,Ninguno,Propia,1,Empleado calificado / oficial,1,Sí,Sí,Buen Pagador
0 - 200 DM,12,Sin créditos / Todos pagados,Recapacitación,1410,< 100 DM,1 - 4 años,2,Hombre: soltero,Ninguno,2,Bienes raíces,31,Ninguno,Propia,1,No calificado - residente,1,Sí,Sí,Buen Pagador
0 - 200 DM,12,Créditos existentes pagados hasta ahora,Auto (nuevo),836,100 - 500 DM,< 1 año,4,Mujer: divorciada/separada/casada,Ninguno,2,Seguro de vida / Ahorro para vivienda,23,Banco,Propia,1,No calificado - residente,1,No,Sí,Mal Pagador
0 - 200 DM,20,Créditos existentes pagados hasta ahora,Auto (usado),6468,Desconocido / Sin ahorros,Desempleado,1,Hombre: divorciado/separado,Ninguno,4,Bienes raíces,60,Ninguno,Propia,1,Gerencia / Autoempleado / Altamente calificado,1,Sí,Sí,Buen Pagador
0 - 200 DM,18,Créditos existentes pagados hasta ahora,Negocios,1941,>= 1000 DM,1 - 4 años,4,Hombre: soltero,Ninguno,2,Seguro de vida / Ahorro para vivienda,35,Ninguno,Propia,1,No calificado - residente,1,Sí,Sí,Buen Pagador
Sin cuenta,22,Créditos existentes pagados hasta ahora,Radio/TV,2675,500 - 1000 DM,>= 7 años,3,Hombre: soltero,Ninguno,4,Auto u otro,40,Ninguno,Propia,1,Empleado calificado / oficial,1,No,Sí,Buen Pagador
Sin cuenta,48,Cuenta crítica / Otros créditos,Auto (usado),2751,Desconocido / Sin ahorros,>= 7 años,4,Hombre: soltero,Ninguno,3,Auto u otro,38,Ninguno,Propia,2,Empleado calificado / oficial,2,Sí,Sí,Buen Pagador
0 - 200 DM,48,Retraso en pagos en el pasado,Educación,6224,< 100 DM,>= 7 años,4,Hombre: soltero,Ninguno,4,Desconocido / Sin propiedad,50,Ninguno,Gratis,1,Empleado calificado / oficial,1,No,Sí,Mal Pagador
< 0 DM,40,Cuenta crítica / Otros créditos,Educación,5998,< 100 DM,1 - 4 años,4,Hombre: soltero,Ninguno,3,Desconocido / Sin propiedad,27,Banco,Propia,1,Empleado calificado / oficial,1,Sí,Sí,Mal Pagador
0 - 200 DM,21,Créditos existentes pagados hasta ahora,Negocios,1188,< 100 DM,>= 7 años,2,Mujer: divorciada/separada/casada,Ninguno,4,Seguro de vida / Ahorro para vivienda,39,Ninguno,Propia,1,Empleado calificado / oficial,2,No,Sí,Mal Pagador
Sin cuenta,24,Créditos existentes pagados hasta ahora,Auto (usado),6313,Desconocido / Sin ahorros,>= 7 años,3,Hombre: soltero,Ninguno,4,Auto u otro,41,Ninguno,Propia,1,Gerencia / Autoempleado / Altamente calificado,2,Sí,Sí,Buen Pagador
Sin cuenta,6,Cuenta crítica / Otros créditos,Muebles/Equipo,1221,Desconocido / Sin ahorros,1 - 4 años,1,Hombre: casado/viudo,Ninguno,2,Seguro de vida / Ahorro para vivienda,27,Ninguno,Propia,2,Empleado calificado / oficial,1,No,Sí,Buen Pagador
>= 200 DM,24,Créditos existentes pagados hasta ahora,Muebles/Equipo,2892,< 100 DM,>= 7 años,3,Hombre: divorciado/separado,Ninguno,4,Desconocido / Sin propiedad,51,Ninguno,Gratis,1,Empleado calificado / oficial,1,No,Sí,Buen Pagador
Sin cuenta,24,Créditos existentes pagados hasta ahora,Muebles/Equipo,3062,500 - 1000 DM,>= 7 años,4,Hombre: soltero,Ninguno,3,Desconocido / Sin propiedad,32,Ninguno,Alquiler,1,Empleado calificado / oficial,1,Sí,Sí,Buen Pagador
Sin cuenta,9,Créditos existentes pagados hasta ahora,Muebles/Equipo,2301,100 - 500 DM,< 1 año,2,Mujer: divorciada/separada/casada,Ninguno,4,Seguro de vida / Ahorro para vivienda,22,Ninguno,Alquiler,1,Empleado calificado / oficial,1,No,Sí,Buen Pagador
< 0 DM,18,Créditos existentes pagados hasta ahora,Auto (usado),7511,Desconocido / Sin ahorros,>= 7 años,1,Hombre: soltero,Ninguno,4,Seguro de vida / Ahorro para vivienda,51,Ninguno,Gratis,1,Empleado calificado / oficial,2,Sí,Sí,Mal Pagador
Sin cuenta,12,Cuenta crítica / Otros créditos,Muebles/Equipo,1258,< 100 DM,< 1 año,2,Mujer: divorciada/separada/casada,Ninguno,4,Seguro de vida / Ahorro para vivienda,22,Ninguno,Alquiler,2,No calificado - residente,1,No,Sí,Buen Pagador
Sin cuenta,24,Retraso en pagos en el pasado,Auto (nuevo),717,Desconocido / Sin ahorros,>= 7 años,4,Hombre: casado/viudo,Ninguno,4,Auto u otro,54,Ninguno,Propia,2,Empleado calificado / oficial,1,Sí,Sí,Buen Pagador
0 - 200 DM,9,Créditos existentes pagados hasta ahora,Auto (nuevo),1549,Desconocido / Sin ahorros,< 1 año,4,Hombre: soltero,Ninguno,2,Bienes raíces,35,Ninguno,Propia,1,No calificado - no residente,1,No,Sí,Buen Pagador
Sin cuenta,24,Cuenta crítica / Otros créditos,Educación,1597,< 100 DM,>= 7 años,4,Hombre: soltero,Ninguno,4,Desconocido / Sin propiedad,54,Ninguno,Gratis,2,Empleado calificado / oficial,2,No,Sí,Buen Pagador
0 - 200 DM,18,Cuenta crítica / Otros créditos,Radio/TV,1795,< 100 DM,>= 7 años,3,Mujer: divorciada/separada/casada,Garante,4,Bienes raíces,48,Banco,Alquiler,2,No calificado - residente,1,Sí,Sí,Buen Pagador
< 0 DM,20,Cuenta crítica / Otros créditos,Muebles/Equipo,4272,< 100 DM,>= 7 años,1,Mujer: divorciada/separada/casada,Ninguno,4,Seguro de vida / Ahorro para vivienda,24,Ninguno,Propia,2,Empleado calificado / oficial,1,No,Sí,Buen Pagador
Sin cuenta,12,Cuenta crítica / Otros créditos,Radio/TV,976,Desconocido / Sin ahorros,>= 7 años,4,Hombre: soltero,Ninguno,4,Auto u otro,35,Ninguno,Propia,2,Empleado calificado / oficial,1,No,Sí,Buen Pagador
0 - 200 DM,12,Créditos existentes pagados hasta ahora,Auto (nuevo),7472,Desconocido / Sin ahorros,Desempleado,1,Mujer: divorciada/separada/casada,Ninguno,2,Bienes raíces,24,Ninguno,Alquiler,1,No calificado - no residente,1,No,Sí,Buen Pagador
< 0 DM,36,Créditos existentes pagados hasta ahora,Auto (nuevo),9271,< 100 DM,4 - 7 años,2,Hombre: soltero,Ninguno,1,Auto u otro,24,Ninguno,Propia,1,Empleado calificado / oficial,1,Sí,Sí,Mal Pagador
0 - 200 DM,6,Créditos existentes pagados hasta ahora,Radio/TV,590,< 100 DM,< 1 año,3,Hombre: casado/viudo,Ninguno,3,Bienes raíces,26,Ninguno,Propia,1,No calificado - residente,1,No,No,Buen Pagador
Sin cuenta,12,Cuenta crítica / Otros créditos,Radio/TV,930,Desconocido / Sin ahorros,>= 7 años,4,Hombre: soltero,Ninguno,4,Bienes raíces,65,Ninguno,Propia,4,Empleado calificado / oficial,1,No,Sí,Buen Pagador
0 - 200 DM,42,Todos los créditos en este banco pagados,Auto (usado),9283,< 100 DM,Desempleado,1,Hombre: soltero,Ninguno,2,Desconocido / Sin propiedad,55,Banco,Gratis,1,Gerencia / Autoempleado / Altamente calificado,1,Sí,Sí,Buen Pagador
0 - 200 DM,15,Sin créditos / Todos pagados,Auto (nuevo),1778,< 100 DM,< 1 año,2,Mujer: divorciada/separada/casada,Ninguno,1,Bienes raíces,26,Ninguno,Alquiler,2,No calificado - no residente,1,No,Sí,Mal Pagador
0 - 200 DM,8,Créditos existentes pagados hasta ahora,Negocios,907,< 100 DM,< 1 año,3,Hombre: casado/viudo,Ninguno,2,Bienes raíces,26,Ninguno,Propia,1,Empleado calificado / oficial,1,Sí,Sí,Buen Pagador
0 - 200 DM,6,Créditos existentes pagados hasta ahora,Radio/TV,484,< 100 DM,4 - 7 años,3,Hombre: casado/viudo,Garante,3,Bienes raíces,28,Banco,Propia,1,No calificado - residente,1,No,Sí,Buen Pagador
< 0 DM,36,Cuenta crítica / Otros créditos,Auto (usado),9629,< 100 DM,4 - 7 años,4,Hombre: soltero,Ninguno,4,Auto u otro,24,Ninguno,Propia,2,Empleado calificado / oficial,1,Sí,Sí,Mal Pagador
< 0 DM,48,Créditos existentes pagados hasta ahora,Electrodomésticos,3051,< 100 DM,1 - 4 años,3,Hombre: soltero,Ninguno,4,Auto u otro,54,Ninguno,Propia,1,Empleado calificado / oficial,1,No,Sí,Mal Pagador
< 0 DM,48,Créditos existentes pagados hasta ahora,Auto (nuevo),3931,< 100 DM,4 - 7 años,4,Hombre: soltero,Ninguno,4,Desconocido / Sin propiedad,46,Ninguno,Gratis,1,Empleado calificado / oficial,2,No,Sí,Mal Pagador
0 - 200 DM,36,Retraso en pagos en el pasado,Auto (nuevo),7432,< 100 DM,1 - 4 años,2,Mujer: divorciada/separada/casada,Ninguno,2,Seguro de vida / Ahorro para vivienda,54,Ninguno,Alquiler,1,Empleado calificado / oficial,1,No,Sí,Buen Pagador
Sin cuenta,6,Créditos existentes pagados hasta ahora,Electrodomésticos,1338,500 - 1000 DM,1 - 4 años,1,Hombre: divorciado/separado,Ninguno,4,Bienes raíces,62,Ninguno,Propia,1,Empleado calificado / oficial,1,No,Sí,Buen Pagador
Sin cuenta,6,Cuenta crítica / Otros créditos,Radio/TV,1554,< 100 DM,4 - 7 años,1,Mujer: divorciada/separada/casada,Ninguno,2,Auto u otro,24,Ninguno,Alquiler,2,Empleado calificado / oficial,1,Sí,Sí,Buen Pagador
< 0 DM,36,Créditos existentes pagados hasta ahora,Otros,15857,< 100 DM,Desempleado,2,Hombre: divorciado/separado,Co-solicitante,3,Auto u otro,43,Ninguno,Propia,1,Gerencia / Autoempleado / Altamente calificado,1,No,Sí,Buen Pagador
< 0 DM,18,Créditos existentes pagados hasta ahora,Radio/TV,1345,< 100 DM,1 - 4 años,4,Hombre: casado/viudo,Ninguno,3,Bienes raíces,26,Banco,Propia,1,Empleado calificado / oficial,1,No,Sí,Mal Pagador
Sin cuenta,12,Créditos existentes pagados hasta ahora,Auto (nuevo),1101,< 100 DM,1 - 4 años,3,Hombre: casado/viudo,Ninguno,2,Bienes raíces,27,Ninguno,Propia,2,Empleado calificado / oficial,1,Sí,Sí,Buen Pagador
>= 200 DM,12,Créditos existentes pagados hasta ahora,Radio/TV,3016,< 100 DM,1 - 4 años,3,Hombre: casado/viudo,Ninguno,1,Auto u otro,24,Ninguno,Propia,1,Empleado calificado / oficial,1,No,Sí,Buen Pagador
< 0 DM,36,Créditos existentes pagados hasta ahora,Muebles/Equipo,2712,< 100 DM,>= 7 años,2,Hombre: soltero,Ninguno,2,Seguro de vida / Ahorro para vivienda,41,Banco,Propia,1,Empleado calificado / oficial,2,No,Sí,Mal Pagador
< 0 DM,8,Cuenta crítica / Otros créditos,Auto (nuevo),731,< 100 DM,>= 7 años,4,Hombre: soltero,Ninguno,4,Bienes raíces,47,Ninguno,Propia,2,No calificado - residente,1,No,Sí,Buen Pagador
Sin cuenta,18,Cuenta crítica / Otros créditos,Muebles/Equipo,3780,< 100 DM,< 1 año,3,Hombre: divorciado/separado,Ninguno,2,Auto u otro,35,Ninguno,Propia,2,Gerencia / Autoempleado / Altamente calificado,1,Sí,Sí,Buen Pagador
< 0 DM,21,Cuenta crítica / Otros créditos,Auto (nuevo),1602,< 100 DM,>= 7 años,4,Hombre: casado/viudo,Ninguno,3,Auto u otro,30,Ninguno,Propia,2,Empleado calificado / oficial,1,Sí,Sí,Buen Pagador
< 0 DM,18,Cuenta crítica / Otros créditos,Auto (nuevo),3966,< 100 DM,>= 7 años,1,Mujer: divorciada/separada/casada,Ninguno,4,Bienes raíces,33,Banco,Alquiler,3,Empleado calificado / oficial,1,Sí,Sí,Mal Pagador
Sin cuenta,18,Sin créditos / Todos pagados,Negocios,4165,< 100 DM,1 - 4 años,2,Hombre: soltero,Ninguno,2,Auto u otro,36,Tiendas,Propia,2,Empleado calificado / oficial,2,No,Sí,Mal Pagador
< 0 DM,36,Créditos existentes pagados hasta ahora,Auto (usado),8335,Desconocido / Sin ahorros,>= 7 años,3,Hombre: soltero,Ninguno,4,Desconocido / Sin propiedad,47,Ninguno,Gratis,1,Empleado calificado / oficial,1,No,Sí,Mal Pagador
0 - 200 DM,48,Retraso en pagos en el pasado,Negocios,6681,Desconocido / Sin ahorros,1 - 4 años,4,Hombre: soltero,Ninguno,4,Desconocido / Sin propiedad,38,Ninguno,Gratis,1,Empleado calificado / oficial,2,Sí,Sí,Buen Pagador
Sin cuenta,24,Retraso en pagos en el pasado,Negocios,2375,500 - 1000 DM,1 - 4 años,4,Hombre: soltero,Ninguno,2,Auto u otro,44,Ninguno,Propia,2,Empleado calificado / oficial,2,Sí,Sí,Buen Pagador
< 0 DM,18,Créditos existentes pagados hasta ahora,Auto (nuevo),1216,< 100 DM,< 1 año,4,Mujer: divorciada/separada/casada,Ninguno,3,Auto u otro,23,Ninguno,Alquiler,1,Empleado calificado / oficial,1,Sí,Sí,Mal Pagador
< 0 DM,45,Sin créditos / Todos pagados,Negocios,11816,< 100 DM,>= 7 años,2,Hombre: soltero,Ninguno,4,Auto u otro,29,Ninguno,Alquiler,2,Empleado calificado / oficial,1,No,Sí,Mal Pagador
0 - 200 DM,24,Créditos existentes pagados hasta ahora,Radio/TV,5084,Desconocido / Sin ahorros,>= 7 años,2,Mujer: divorciada/separada/casada,Ninguno,4,Auto u otro,42,Ninguno,Propia,1,Empleado calificado / oficial,1,Sí,Sí,Buen Pagador
>= 200 DM,15,Créditos existentes pagados hasta ahora,Radio/TV,2327,< 100 DM,< 1 año,2,Mujer: divorciada/separada/casada,Ninguno,3,Bienes raíces,25,Ninguno,Propia,1,No calificado - residente,1,No,Sí,Mal Pagador
< 0 DM,12,Sin créditos / Todos pagados,Auto (nuevo),1082,< 100 DM,1 - 4 años,4,Hombre: soltero,Ninguno,4,Auto u otro,48,Banco,Propia,2,Empleado calificado / oficial,1,No,Sí,Mal Pagador
Sin cuenta,12,Créditos existentes pagados hasta ahora,Radio/TV,886,Desconocido / Sin ahorros,1 - 4 años,4,Mujer: divorciada/separada/casada,Ninguno,2,Auto u otro,21,Ninguno,Propia,1,Empleado calificado / oficial,1,No,Sí,Buen Pagador
Sin cuenta,4,Créditos existentes pagados hasta ahora,Muebles/Equipo,601,< 100 DM,< 1 año,1,Mujer: divorciada/separada/casada,Ninguno,3,Bienes raíces,23,Ninguno,Alquiler,1,No calificado - residente,2,No,Sí,Buen Pagador
< 0 DM,24,Cuenta crítica / Otros créditos,Auto (usado),2957,< 100 DM,>= 7 años,4,Hombre: soltero,Ninguno,4,Seguro de vida / Ahorro para vivienda,63,Ninguno,Propia,2,Empleado calificado / oficial,1,Sí,Sí,Buen Pagador
Sin cuenta,24,Cuenta crítica / Otros créditos,Radio/TV,2611,< 100 DM,>= 7 años,4,Hombre: casado/viudo,Co-solicitante,3,Bienes raíces,46,Ninguno,Propia,2,Empleado calificado / oficial,1,No,Sí,Buen Pagador
< 0 DM,36,Créditos existentes pagados hasta ahora,Muebles/Equipo,5179,< 100 DM,4 - 7 años,4,Hombre: soltero,Ninguno,2,Seguro de vida / Ahorro para vivienda,29,Ninguno,Propia,1,Empleado calificado / oficial,1,No,Sí,Mal Pagador
Sin cuenta,21,Retraso en pagos en el pasado,Auto (usado),2993,< 100 DM,1 - 4 años,3,Hombre: soltero,Ninguno,2,Bienes raíces,28,Tiendas,Propia,2,No calificado - residente,1,No,Sí,Buen Pagador
Sin cuenta,18,Créditos existentes pagados hasta ahora,Reparaciones,1943,< 100 DM,< 1 año,4,Mujer: divorciada/separada/casada,Ninguno,4,Bienes raíces,23,Ninguno,Propia,1,Empleado calificado / oficial,1,No,Sí,Mal Pagador
Sin cuenta,24,Todos los créditos en este banco pagados,Negocios,1559,< 100 DM,4 - 7 años,4,Hombre: soltero,Ninguno,4,Auto u otro,50,Banco,Propia,1,Empleado calificado / oficial,1,Sí,Sí,Buen Pagador
Sin cuenta,18,Créditos existentes pagados hasta ahora,Muebles/Equipo,3422,< 100 DM,>= 7 años,4,Hombre: soltero,Ninguno,4,Seguro de vida / Ahorro para vivienda,47,Banco,Propia,3,Empleado calificado / oficial,2,Sí,Sí,Buen Pagador
0 - 200 DM,21,Créditos existentes pagados hasta ahora,Muebles/Equipo,3976,Desconocido / Sin ahorros,4 - 7 años,2,Hombre: soltero,Ninguno,3,Auto u otro,35,Ninguno,Propia,1,Empleado calificado / oficial,1,Sí,Sí,Buen Pagador
Sin cuenta,18,Créditos existentes pagados hasta ahora,Auto (nuevo),6761,Desconocido / Sin ahorros,1 - 4 años,2,Hombre: soltero,Ninguno,4,Auto u otro,68,Ninguno,Alquiler,2,Empleado calificado / oficial,1,No,Sí,Mal Pagador
Sin cuenta,24,Créditos existentes pagados hasta ahora,Auto (nuevo),1249,< 100 DM,< 1 año,4,Hombre: casado/viudo,Ninguno,2,Bienes raíces,28,Ninguno,Propia,1,Empleado calificado / oficial,1,No,Sí,Buen Pagador
< 0 DM,9,Créditos existentes pagados hasta ahora,Radio/TV,1364,< 100 DM,4 - 7 años,3,Hombre: soltero,Ninguno,4,Bienes raíces,59,Ninguno,Propia,1,Empleado calificado / oficial,1,No,Sí,Buen Pagador
< 0 DM,12,Créditos existentes pagados hasta ahora,Radio/TV,709,< 100 DM,>= 7 años,4,Hombre: soltero,Ninguno,4,Bienes raíces,57,Tiendas,Propia,1,No calificado - residente,1,No,Sí,Mal Pagador
< 0 DM,20,Cuenta crítica / Otros créditos,Auto (nuevo),2235,< 100 DM,1 - 4 años,4,Hombre: casado/viudo,Garante,2,Seguro de vida / Ahorro para vivienda,33,Banco,Alquiler,2,Empleado calificado / oficial,1,No,No,Mal Pagador
Sin cuenta,24,Cuenta crítica / Otros créditos,Auto (usado),4042,Desconocido / Sin ahorros,4 - 7 años,3,Hombre: soltero,Ninguno,4,Seguro de vida / Ahorro para vivienda,43,Ninguno,Propia,2,Empleado calificado / oficial,1,Sí,Sí,Buen Pagador
Sin cuenta,15,Cuenta crítica / Otros créditos,Radio/TV,1471,< 100 DM,1 - 4 años,4,Hombre: soltero,Ninguno,4,Desconocido / Sin propiedad,35,Ninguno,Gratis,2,Empleado calificado / oficial,1,Sí,Sí,Buen Pagador
< 0 DM,18,Todos los créditos en este banco pagados,Auto (nuevo),1442,< 100 DM,4 - 7 años,4,Hombre: soltero,Ninguno,4,Desconocido / Sin propiedad,32,Ninguno,Gratis,2,No calificado - residente,2,No,Sí,Mal Pagador
Sin cuenta,36,Retraso en pagos en el pasado,Auto (nuevo),10875,< 100 DM,>= 7 años,2,Hombre: soltero,Ninguno,2,Auto u otro,45,Ninguno,Propia,2,Empleado calificado / oficial,2,Sí,Sí,Buen Pagador
Sin cuenta,24,Créditos existentes pagados hasta ahora,Auto (nuevo),1474,100 - 500 DM,< 1 año,4,Hombre: casado/viudo,Ninguno,3,Bienes raíces,33,Ninguno,Propia,1,Empleado calificado / oficial,1,Sí,Sí,Buen Pagador
Sin cuenta,10,Créditos existentes pagados hasta ahora,Recapacitación,894,Desconocido / Sin ahorros,4 - 7 años,4,Mujer: divorciada/separada/casada,Ninguno,3,Seguro de vida / Ahorro para vivienda,40,Ninguno,Propia,1,Empleado calificado / oficial,1,Sí,Sí,Buen Pagador
Sin cuenta,15,Cuenta crítica / Otros créditos,Muebles/Equipo,3343,< 100 DM,1 - 4 años,4,Hombre: soltero,Ninguno,2,Desconocido / Sin propiedad,28,Ninguno,Gratis,1,Empleado calificado / oficial,1,Sí,Sí,Buen Pagador
< 0 DM,15,Créditos existentes pagados hasta ahora,Auto (nuevo),3959,< 100 DM,1 - 4 años,3,Mujer: divorciada/separada/casada,Ninguno,2,Seguro de vida / Ahorro para vivienda,29,Ninguno,Propia,1,Empleado calificado / oficial,1,Sí,Sí,Mal Pagador
Sin cuenta,9,Créditos existentes pagados hasta ahora,Auto (nuevo),3577,100 - 500 DM,1 - 4 años,1,Hombre: soltero,Garante,2,Bienes raíces,26,Ninguno,Alquiler,1,Empleado calificado / oficial,2,No,No,Buen Pagador
Sin cuenta,24,Cuenta crítica / Otros créditos,Auto (usado),5804,>= 1000 DM,1 - 4 años,4,Hombre: soltero,Ninguno,2,Bienes raíces,27,Ninguno,Propia,2,Empleado calificado / oficial,1,No,Sí,Buen Pagador
Sin cuenta,18,Retraso en pagos en el pasado,Negocios,2169,< 100 DM,1 - 4 años,4,Hombre: casado/viudo,Ninguno,2,Auto u otro,28,Ninguno,Propia,1,Empleado calificado / oficial,1,Sí,Sí,Mal Pagador
< 0 DM,24,Créditos existentes pagados hasta ahora,Radio/TV,2439,< 100 DM,< 1 año,4,Mujer: divorciada/separada/casada,Ninguno,4,Bienes raíces,35,Ninguno,Propia,1,Empleado calificado / oficial,1,Sí,Sí,Mal Pagador
Sin cuenta,27,Cuenta crítica / Otros créditos,Muebles/Equipo,4526,>= 1000 DM,< 1 año,4,Hombre: soltero,Ninguno,2,Bienes raíces,32,Tiendas,Propia,2,No calificado - residente,2,Sí,Sí,Buen Pagador
Sin cuenta,10,Créditos existentes pagados hasta ahora,Muebles/Equipo,2210,< 100 DM,1 - 4 años,2,Hombre: soltero,Ninguno,2,Bienes raíces,25,Banco,Alquiler,1,No calificado - residente,1,No,Sí,Mal Pagador
Sin cuenta,15,Créditos existentes pagados hasta ahora,Muebles/Equipo,2221,500 - 1000 DM,1 - 4 años,2,Mujer: divorciada/separada/casada,Ninguno,4,Auto u otro,20,Ninguno,Alquiler,1,Empleado calificado / oficial,1,No,Sí,Buen Pagador
< 0 DM,18,Créditos existentes pagados hasta ahora,Radio/TV,2389,< 100 DM,< 1 año,4,Mujer: divorciada/separada/casada,Ninguno,1,Auto u otro,27,Tiendas,Propia,1,Empleado calificado / oficial,1,No,Sí,Buen Pagador
Sin cuenta,12,Cuenta crítica / Otros créditos,Muebles/Equipo,3331,< 100 DM,>= 7 años,2,Hombre: soltero,Ninguno,4,Seguro de vida / Ahorro para vivienda,42,Tiendas,Propia,1,Empleado calificado / oficial,1,No,Sí,Buen Pagador
Sin cuenta,36,Créditos existentes pagados hasta ahora,Negocios,7409,Desconocido / Sin ahorros,>= 7 años,3,Hombre: soltero,Ninguno,2,Seguro de vida / Ahorro para vivienda,37,Ninguno,Propia,2,Empleado calificado / oficial,1,No,Sí,Buen Pagador
< 0 DM,12,Créditos existentes pagados hasta ahora,Muebles/Equipo,652,< 100 DM,>= 7 años,4,Mujer: divorciada/separada/casada,Ninguno,4,Seguro de vida / Ahorro para vivienda,24,Ninguno,Alquiler,1,Empleado calificado / oficial,1,No,Sí,Buen Pagador
Sin cuenta,36,Retraso en pagos en el pasado,Muebles/Equipo,7678,500 - 1000 DM,4 - 7 años,2,Mujer: divorciada/separada/casada,Ninguno,4,Auto u otro,40,Ninguno,Propia,2,Empleado calificado / oficial,1,Sí,Sí,Buen Pagador
>= 200 DM,6,Cuenta crítica / Otros créditos,Auto (nuevo),1343,< 100 DM,>= 7 años,1,Hombre: soltero,Ninguno,4,Bienes raíces,46,Ninguno,Propia,2,Empleado calificado / oficial,2,No,No,Buen Pagador
< 0 DM,24,Cuenta crítica / Otros créditos,Negocios,1382,100 - 500 DM,4 - 7 años,4,Hombre: soltero,Ninguno,1,Bienes raíces,26,Ninguno,Propia,2,Empleado calificado / oficial,1,Sí,Sí,Buen Pagador
Sin cuenta,15,Créditos existentes pagados hasta ahora,Electrodomésticos,874,Desconocido / Sin ahorros,< 1 año,4,Mujer: divorciada/separada/casada,Ninguno,1,Bienes raíces,24,Ninguno,Propia,1,Empleado calificado / oficial,1,No,Sí,Buen Pagador
< 0 DM,12,Créditos existentes pagados hasta ahora,Muebles/Equipo,3590,< 100 DM,1 - 4 años,2,Hombre: soltero,Co-solicitante,2,Seguro de vida / Ahorro para vivienda,29,Ninguno,Propia,1,No calificado - residente,2,No,Sí,Buen Pagador
0 - 200 DM,11,Cuenta crítica / Otros créditos,Auto (nuevo),1322,>= 1000 DM,1 - 4 años,4,Mujer: divorciada/separada/casada,Ninguno,4,Auto u otro,40,Ninguno,Propia,2,Empleado calificado / oficial,1,No,Sí,Buen Pagador
< 0 DM,18,Todos los créditos en este banco pagados,Radio/TV,1940,< 100 DM,< 1 año,3,Hombre: soltero,Co-solicitante,4,Desconocido / Sin propiedad,36,Banco,Gratis,1,Gerencia / Autoempleado / Altamente calificado,1,Sí,Sí,Buen Pagador
Sin cuenta,36,Créditos existentes pagados hasta ahora,Radio/TV,3595,< 100 DM,>= 7 años,4,Hombre: soltero,Ninguno,2,Auto u otro,28,Ninguno,Propia,1,Empleado calificado / oficial,1,No,Sí,Buen Pagador
< 0 DM,9,Créditos existentes pagados hasta ahora,Auto (nuevo),1422,< 100 DM,< 1 año,3,Hombre: soltero,Ninguno,2,Desconocido / Sin propiedad,27,Ninguno,Gratis,1,Gerencia / Autoempleado / Altamente calificado,1,Sí,Sí,Mal Pagador
Sin cuenta,30,Cuenta crítica / Otros créditos,Radio/TV,6742,Desconocido / Sin ahorros,4 - 7 años,2,Hombre: soltero,Ninguno,3,Seguro de vida / Ahorro para vivienda,36,Ninguno,Propia,2,Empleado calificado / oficial,1,No,Sí,Buen Pagador
Sin cuenta,24,Créditos existentes pagados hasta ahora,Auto (usado),7814,< 100 DM,4 - 7 años,3,Hombre: soltero,Ninguno,3,Auto u otro,38,Ninguno,Propia,1,Gerencia / Autoempleado / Altamente calificado,1,Sí,Sí,Buen Pagador
Sin cuenta,24,Créditos existentes pagados hasta ahora,Auto (usado),9277,Desconocido / Sin ahorros,1 - 4 años,2,Hombre: divorciado/separado,Ninguno,4,Desconocido / Sin propiedad,48,Ninguno,Gratis,1,Empleado calificado / oficial,1,Sí,Sí,Buen Pagador
0 - 200 DM,30,Cuenta crítica / Otros créditos,Auto (nuevo),2181,Desconocido / Sin ahorros,>= 7 años,4,Hombre: soltero,Ninguno,4,Bienes raíces,36,Ninguno,Propia,2,Empleado calificado / oficial,1,No,Sí,Buen Pagador
Sin cuenta,18,Cuenta crítica / Otros créditos,Radio/TV,1098,< 100 DM,Desempleado,4,Mujer: divorciada/separada/casada,Ninguno,4,Auto u otro,65,Ninguno,Propia,2,No calificado - no residente,1,No,Sí,Buen Pagador
0 - 200 DM,24,Créditos existentes pagados hasta ahora,Muebles/Equipo,4057,< 100 DM,4 - 7 años,3,Hombre: divorciado/separado,Ninguno,3,Auto u otro,43,Ninguno,Propia,1,Empleado calificado / oficial,1,Sí,Sí,Mal Pagador
< 0 DM,12,Créditos existentes pagados hasta ahora,Educación,795,< 100 DM,< 1 año,4,Mujer: divorciada/separada/casada,Ninguno,4,Seguro de vida / Ahorro para vivienda,53,Ninguno,Propia,1,Empleado calificado / oficial,1,No,Sí,Mal Pagador
0 - 200 DM,24,Cuenta crítica / Otros créditos,Negocios,2825,Desconocido / Sin ahorros,4 - 7 años,4,Hombre: soltero,Ninguno,3,Desconocido / Sin propiedad,34,Ninguno,Propia,2,Empleado calificado / oficial,2,Sí,Sí,Buen Pagador
0 - 200 DM,48,Créditos existentes pagados hasta ahora,Negocios,15672,< 100 DM,1 - 4 años,2,Hombre: soltero,Ninguno,2,Auto u otro,23,Ninguno,Propia,1,Empleado calificado / oficial,1,Sí,Sí,Mal Pagador
Sin cuenta,36,Cuenta crítica / Otros créditos,Auto (nuevo),6614,< 100 DM,>= 7 años,4,Hombre: soltero,Ninguno,4,Auto u otro,34,Ninguno,Propia,2,Gerencia / Autoempleado / Altamente calificado,1,Sí,Sí,Buen Pagador
Sin cuenta,28,Todos los créditos en este banco pagados,Auto (usado),7824,Desconocido / Sin ahorros,< 1 año,3,Hombre: soltero,Garante,4,Bienes raíces,40,Banco,Alquiler,2,Empleado calificado / oficial,2,Sí,Sí,Buen Pagador
< 0 DM,27,Cuenta crítica / Otros créditos,Negocios,2442,< 100 DM,>= 7 años,4,Hombre: soltero,Ninguno,4,Auto u otro,43,Tiendas,Propia,4,Gerencia / Autoempleado / Altamente calificado,2,Sí,Sí,Buen Pagador
Sin cuenta,15,Cuenta crítica / Otros créditos,Radio/TV,1829,< 100 DM,>= 7 años,4,Hombre: soltero,Ninguno,4,Auto u otro,46,Ninguno,Propia,2,Empleado calificado / oficial,1,Sí,Sí,Buen Pagador
< 0 DM,12,Cuenta crítica / Otros créditos,Auto (nuevo),2171,< 100 DM,1 - 4 años,4,Hombre: soltero,Ninguno,4,Seguro de vida / Ahorro para vivienda,38,Banco,Propia,2,No calificado - residente,1,No,No,Buen Pagador
0 - 200 DM,36,Cuenta crítica / Otros créditos,Auto (usado),5800,< 100 DM,1 - 4 años,3,Hombre: soltero,Ninguno,4,Auto u otro,34,Ninguno,Propia,2,Empleado calificado / oficial,1,Sí,Sí,Buen Pagador
Sin cuenta,18,Cuenta crítica / Otros créditos,Radio/TV,1169,Desconocido / Sin ahorros,1 - 4 años,4,Hombre: soltero,Ninguno,3,Seguro de vida / Ahorro para vivienda,29,Ninguno,Propia,2,Empleado calificado / oficial,1,Sí,Sí,Buen Pagador
Sin cuenta,36,Retraso en pagos en el pasado,Auto (usado),8947,Desconocido / Sin ahorros,4 - 7 años,3,Hombre: soltero,Ninguno,2,Auto u otro,31,Tiendas,Propia,1,Gerencia / Autoempleado / Altamente calificado,2,Sí,Sí,Buen Pagador
< 0 DM,21,Créditos existentes pagados hasta ahora,Radio/TV,2606,< 100 DM,< 1 año,4,Mujer: divorciada/separada/casada,Ninguno,4,Seguro de vida / Ahorro para vivienda,28,Ninguno,Alquiler,1,Gerencia / Autoempleado / Altamente calificado,1,Sí,Sí,Buen Pagador
Sin cuenta,12,Cuenta crítica / Otros créditos,Muebles/Equipo,1592,>= 1000 DM,4 - 7 años,3,Mujer: divorciada/separada/casada,Ninguno,2,Seguro de vida / Ahorro para vivienda,35,Ninguno,Propia,1,Empleado calificado / oficial,1,No,No,Buen Pagador
Sin cuenta,15,Créditos existentes pagados hasta ahora,Muebles/Equipo,2186,Desconocido / Sin ahorros,4 - 7 años,1,Mujer: divorciada/separada/casada,Ninguno,4,Bienes raíces,33,Banco,Alquiler,1,No calificado - residente,1,No,Sí,Buen Pagador
< 0 DM,18,Créditos existentes pagados hasta ahora,Muebles/Equipo,4153,< 100 DM,1 - 4 años,2,Hombre: soltero,Co-solicitante,3,Auto u otro,42,Ninguno,Propia,1,Empleado calificado / oficial,1,No,Sí,Mal Pagador
< 0 DM,16,Cuenta crítica / Otros créditos,Auto (nuevo),2625,< 100 DM,>= 7 años,2,Hombre: soltero,Garante,4,Seguro de vida / Ahorro para vivienda,43,Banco,Alquiler,1,Empleado calificado / oficial,1,Sí,Sí,Mal Pagador
Sin cuenta,20,Cuenta crítica / Otros créditos,Auto (nuevo),3485,Desconocido / Sin ahorros,< 1 año,2,Hombre: divorciado/separado,Ninguno,4,Bienes raíces,44,Ninguno,Propia,2,Empleado calificado / oficial,1,Sí,Sí,Buen Pagador
Sin cuenta,36,Cuenta crítica / Otros créditos,Auto (usado),10477,Desconocido / Sin ahorros,>= 7 años,2,Hombre: soltero,Ninguno,4,Desconocido / Sin propiedad,42,Ninguno,Gratis,2,Empleado calificado / oficial,1,No,Sí,Buen Pagador
Sin cuenta,15,Créditos existentes pagados hasta ahora,Radio/TV,1386,Desconocido / Sin ahorros,1 - 4 años,4,Hombre: casado/viudo,Ninguno,2,Bienes raíces,40,Ninguno,Alquiler,1,Empleado calificado / oficial,1,Sí,Sí,Buen Pagador
Sin cuenta,24,Créditos existentes pagados hasta ahora,Radio/TV,1278,< 100 DM,>= 7 años,4,Hombre: soltero,Ninguno,1,Bienes raíces,36,Ninguno,Propia,1,Gerencia / Autoempleado / Altamente calificado,1,Sí,Sí,Buen Pagador
< 0 DM,12,Créditos existentes pagados hasta ahora,Radio/TV,1107,< 100 DM,1 - 4 años,2,Hombre: soltero,Ninguno,2,Bienes raíces,20,Ninguno,Alquiler,1,Gerencia / Autoempleado / Altamente calificado,2,Sí,Sí,Buen Pagador
< 0 DM,21,Créditos existentes pagados hasta ahora,Auto (nuevo),3763,Desconocido / Sin ahorros,4 - 7 años,2,Hombre: soltero,Co-solicitante,2,Bienes raíces,24,Ninguno,Propia,1,No calificado - residente,1,No,No,Buen Pagador
0 - 200 DM,36,Créditos existentes pagados hasta ahora,Educación,3711,Desconocido / Sin ahorros,1 - 4 años,2,Hombre: casado/viudo,Ninguno,2,Auto u otro,27,Ninguno,Propia,1,Empleado calificado / oficial,1,No,Sí,Buen Pagador
Sin cuenta,15,Retraso en pagos en el pasado,Auto (usado),3594,< 100 DM,< 1 año,1,Mujer: divorciada/separada/casada,Ninguno,2,Seguro de vida / Ahorro para vivienda,46,Ninguno,Propia,2,No calificado - residente,1,No,Sí,Buen Pagador
0 - 200 DM,9,Créditos existentes pagados hasta ahora,Auto (nuevo),3195,Desconocido / Sin ahorros,1 - 4 años,1,Mujer: divorciada/separada/casada,Ninguno,2,Bienes raíces,33,Ninguno,Propia,1,No calificado - residente,1,No,Sí,Buen Pagador
Sin cuenta,36,Retraso en pagos en el pasado,Radio/TV,4454,< 100 DM,1 - 4 años,4,Mujer: divorciada/separada/casada,Ninguno,4,Bienes raíces,34,Ninguno,Propia,2,Empleado calificado / oficial,1,No,Sí,Buen Pagador
0 - 200 DM,24,Cuenta crítica / Otros créditos,Muebles/Equipo,4736,< 100 DM,< 1 año,2,Mujer: divorciada/separada/casada,Ninguno,4,Auto u otro,25,Banco,Propia,1,No calificado - residente,1,No,Sí,Mal Pagador
0 - 200 DM,30,Créditos existentes pagados hasta ahora,Radio/TV,2991,Desconocido / Sin ahorros,>= 7 años,2,Mujer: divorciada/separada/casada,Ninguno,4,Auto u otro,25,Ninguno,Propia,1,Empleado calificado / oficial,1,No,Sí,Buen Pagador
Sin cuenta,11,Créditos existentes pagados hasta ahora,Negocios,2142,>= 1000 DM,>= 7 años,1,Hombre: divorciado/separado,Ninguno,2,Bienes raíces,28,Ninguno,Propia,1,Empleado calificado / oficial,1,Sí,Sí,Buen Pagador
< 0 DM,24,Todos los créditos en este banco pagados,Negocios,3161,< 100 DM,1 - 4 años,4,Hombre: soltero,Ninguno,2,Seguro de vida / Ahorro para vivienda,31,Ninguno,Alquiler,1,Empleado calificado / oficial,1,Sí,Sí,Mal Pagador
0 - 200 DM,48,Sin créditos / Todos pagados,Otros,18424,< 100 DM,1 - 4 años,1,Mujer: divorciada/separada/casada,Ninguno,2,Seguro de vida / Ahorro para vivienda,32,Banco,Propia,1,Gerencia / Autoempleado / Altamente calificado,1,Sí,No,Mal Pagador
Sin cuenta,10,Créditos existentes pagados hasta ahora,Auto (usado),2848,100 - 500 DM,1 - 4 años,1,Hombre: soltero,Co-solicitante,2,Bienes raíces,32,Ninguno,Propia,1,Empleado calificado / oficial,2,No,Sí,Buen Pagador
< 0 DM,6,Créditos existentes pagados hasta ahora,Auto (nuevo),14896,< 100 DM,>= 7 años,1,Hombre: soltero,Ninguno,4,Desconocido / Sin propiedad,68,Banco,Propia,1,Gerencia / Autoempleado / Altamente calificado,1,Sí,Sí,Mal Pagador
< 0 DM,24,Créditos existentes pagados hasta ahora,Muebles/Equipo,2359,100 - 500 DM,Desempleado,1,Hombre: divorciado/separado,Ninguno,1,Seguro de vida / Ahorro para vivienda,33,Ninguno,Propia,1,Empleado calificado / oficial,1,No,Sí,Mal Pagador
< 0 DM,24,Créditos existentes pagados hasta ahora,Muebles/Equipo,3345,< 100 DM,>= 7 años,4,Hombre: soltero,Ninguno,2,Seguro de vida / Ahorro para vivienda,39,Ninguno,Alquiler,1,Gerencia / Autoempleado / Altamente calificado,1,Sí,Sí,Mal Pagador
Sin cuenta,18,Cuenta crítica / Otros créditos,Muebles/Equipo,1817,< 100 DM,1 - 4 años,4,Mujer: divorciada/separada/casada,Ninguno,2,Desconocido / Sin propiedad,28,Ninguno,Propia,2,Empleado calificado / oficial,1,No,Sí,Buen Pagador
Sin cuenta,48,Retraso en pagos en el pasado,Radio/TV,12749,500 - 1000 DM,4 - 7 años,4,Hombre: soltero,Ninguno,1,Auto u otro,37,Ninguno,Propia,1,Gerencia / Autoempleado / Altamente calificado,1,Sí,Sí,Buen Pagador
< 0 DM,9,Créditos existentes pagados hasta ahora,Radio/TV,1366,< 100 DM,< 1 año,3,Mujer: divorciada/separada/casada,Ninguno,4,Seguro de vida / Ahorro para vivienda,22,Ninguno,Alquiler,1,Empleado calificado / oficial,1,No,Sí,Mal Pagador
0 - 200 DM,12,Créditos existentes pagados hasta ahora,Auto (nuevo),2002,< 100 DM,4 - 7 años,3,Hombre: soltero,Ninguno,4,Seguro de vida / Ahorro para vivienda,30,Ninguno,Alquiler,1,Empleado calificado / oficial,2,Sí,Sí,Buen Pagador
< 0 DM,24,Todos los créditos en este banco pagados,Muebles/Equipo,6872,< 100 DM,< 1 año,2,Hombre: divorciado/separado,Ninguno,1,Seguro de vida / Ahorro para vivienda,55,Banco,Propia,1,Empleado calificado / oficial,1,Sí,Sí,Mal Pagador
< 0 DM,12,Todos los créditos en este banco pagados,Auto (nuevo),697,< 100 DM,< 1 año,4,Hombre: soltero,Ninguno,2,Auto u otro,46,Banco,Propia,2,Empleado calificado / oficial,1,Sí,Sí,Mal Pagador
< 0 DM,18,Cuenta crítica / Otros créditos,Muebles/Equipo,1049,< 100 DM,< 1 año,4,Mujer: divorciada/separada/casada,Ninguno,4,Seguro de vida / Ahorro para vivienda,21,Ninguno,Alquiler,1,Empleado calificado / oficial,1,No,Sí,Buen Pagador
< 0 DM,48,Créditos existentes pagados hasta ahora,Auto (usado),10297,< 100 DM,4 - 7 años,4,Hombre: soltero,Ninguno,4,Desconocido / Sin propiedad,39,Tiendas,Gratis,3,Empleado calificado / oficial,2,Sí,Sí,Mal Pagador
Sin cuenta,30,Créditos existentes pagados hasta ahora,Radio/TV,1867,Desconocido / Sin ahorros,>= 7 años,4,Hombre: soltero,Ninguno,4,Auto u otro,58,Ninguno,Propia,1,Empleado calificado / oficial,1,Sí,Sí,Buen Pagador
< 0 DM,12,Retraso en pagos en el pasado,Auto (nuevo),1344,< 100 DM,1 - 4 años,4,Hombre: soltero,Ninguno,2,Bienes raíces,43,Ninguno,Propia,2,No calificado - residente,2,No,Sí,Buen Pagador
< 0 DM,24,Créditos existentes pagados hasta ahora,Muebles/Equipo,1747,< 100 DM,< 1 año,4,Hombre: soltero,Co-solicitante,1,Seguro de vida / Ahorro para vivienda,24,Ninguno,Propia,1,No calificado - residente,1,No,No,Buen Pagador
0 - 200 DM,9,Créditos existentes pagados hasta ahora,Radio/TV,1670,< 100 DM,< 1 año,4,Mujer: divorciada/separada/casada,Ninguno,2,Auto u otro,22,Ninguno,Propia,1,Empleado calificado / oficial,1,Sí,Sí,Mal Pagador
Sin cuenta,9,Cuenta crítica / Otros créditos,Auto (nuevo),1224,< 100 DM,1 - 4 años,3,Hombre: soltero,Ninguno,1,Bienes raíces,30,Ninguno,Propia,2,Empleado calificado / oficial,1,No,Sí,Buen Pagador
Sin cuenta,12,Cuenta crítica / Otros créditos,Radio/TV,522,500 - 1000 DM,>= 7 años,4,Hombre: soltero,Ninguno,4,Seguro de vida / Ahorro para vivienda,42,Ninguno,Propia,2,Empleado calificado / oficial,2,Sí,Sí,Buen Pagador
< 0 DM,12,Créditos existentes pagados hasta ahora,Radio/TV,1498,< 100 DM,1 - 4 años,4,Mujer: divorciada/separada/casada,Ninguno,1,Auto u otro,23,Banco,Propia,1,Empleado calificado / oficial,1,No,Sí,Buen Pagador
0 - 200 DM,30,Retraso en pagos en el pasado,Radio/TV,1919,100 - 500 DM,< 1 año,4,Hombre: soltero,Ninguno,3,Desconocido / Sin propiedad,30,Tiendas,Propia,2,Gerencia / Autoempleado / Altamente calificado,1,No,Sí,Mal Pagador
>= 200 DM,9,Créditos existentes pagados hasta ahora,Radio/TV,745,< 100 DM,1 - 4 años,3,Mujer: divorciada/separada/casada,Ninguno,2,Bienes raíces,28,Ninguno,Propia,1,No calificado - residente,1,No,Sí,Mal Pagador
0 - 200 DM,6,Créditos existentes pagados hasta ahora,Radio/TV,2063,< 100 DM,< 1 año,4,Hombre: casado/viudo,Ninguno,3,Auto u otro,30,Ninguno,Alquiler,1,Gerencia / Autoempleado / Altamente calificado,1,Sí,Sí,Buen Pagador
0 - 200 DM,60,Créditos existentes pagados hasta ahora,Educación,6288,< 100 DM,1 - 4 años,4,Hombre: soltero,Ninguno,4,Desconocido / Sin propiedad,42,Ninguno,Gratis,1,Empleado calificado / oficial,1,No,Sí,Mal Pagador
Sin cuenta,24,Cuenta crítica / Otros créditos,Auto (usado),6842,Desconocido / Sin ahorros,1 - 4 años,2,Hombre: soltero,Ninguno,4,Seguro de vida / Ahorro para vivienda,46,Ninguno,Propia,2,Gerencia / Autoempleado / Altamente calificado,2,Sí,Sí,Buen Pagador
Sin cuenta,12,Créditos existentes pagados hasta ahora,Auto (nuevo),3527,Desconocido / Sin ahorros,< 1 año,2,Hombre: soltero,Ninguno,3,Seguro de vida / Ahorro para vivienda,45,Ninguno,Propia,1,Gerencia / Autoempleado / Altamente calificado,2,Sí,Sí,Buen Pagador
Sin cuenta,10,Créditos existentes pagados hasta ahora,Auto (nuevo),1546,< 100 DM,1 - 4 años,3,Hombre: soltero,Ninguno,2,Bienes raíces,31,Ninguno,Propia,1,No calificado - residente,2,No,No,Buen Pagador
Sin cuenta,24,Créditos existentes pagados hasta ahora,Muebles/Equipo,929,Desconocido / Sin ahorros,4 - 7 años,4,Hombre: soltero,Ninguno,2,Auto u otro,31,Tiendas,Propia,1,Empleado calificado / oficial,1,Sí,Sí,Buen Pagador
Sin cuenta,4,Cuenta crítica / Otros créditos,Auto (nuevo),1455,< 100 DM,4 - 7 años,2,Hombre: soltero,Ninguno,1,Bienes raíces,42,Ninguno,Propia,3,No calificado - residente,2,No,Sí,Buen Pagador
< 0 DM,15,Créditos existentes pagados hasta ahora,Muebles/Equipo,1845,< 100 DM,< 1 año,4,Mujer: divorciada/separada/casada,Garante,1,Seguro de vida / Ahorro para vivienda,46,Ninguno,Alquiler,1,Empleado calificado / oficial,1,No,Sí,Buen Pagador
0 - 200 DM,48,Sin créditos / Todos pagados,Auto (nuevo),8358,500 - 1000 DM,< 1 año,1,Mujer: divorciada/separada/casada,Ninguno,1,Auto u otro,30,Ninguno,Propia,2,Empleado calificado / oficial,1,No,Sí,Buen Pagador
< 0 DM,24,Todos los créditos en este banco pagados,Muebles/Equipo,3349,500 - 1000 DM,< 1 año,4,Hombre: soltero,Ninguno,4,Desconocido / Sin propiedad,30,Ninguno,Gratis,1,Empleado calificado / oficial,2,Sí,Sí,Mal Pagador
Sin cuenta,12,Créditos existentes pagados hasta ahora,Auto (nuevo),2859,Desconocido / Sin ahorros,Desempleado,4,Hombre: soltero,Ninguno,4,Desconocido / Sin propiedad,38,Ninguno,Propia,1,Gerencia / Autoempleado / Altamente calificado,1,Sí,Sí,Buen Pagador
Sin cuenta,18,Créditos existentes pagados hasta ahora,Muebles/Equipo,1533,< 100 DM,< 1 año,4,Hombre: casado/viudo,Co-solicitante,1,Seguro de vida / Ahorro para vivienda,43,Ninguno,Propia,1,No calificado - residente,2,No,Sí,Mal Pagador
Sin cuenta,24,Créditos existentes pagados hasta ahora,Radio/TV,3621,100 - 500 DM,>= 7 años,2,Hombre: soltero,Ninguno,4,Auto u otro,31,Ninguno,Propia,2,Empleado calificado / oficial,1,No,Sí,Mal Pagador
0 - 200 DM,18,Cuenta crítica / Otros créditos,Negocios,3590,< 100 DM,Desempleado,3,Hombre: casado/viudo,Ninguno,3,Auto u otro,40,Ninguno,Propia,3,No calificado - no residente,2,Sí,Sí,Buen Pagador
< 0 DM,36,Retraso en pagos en el pasado,Negocios,2145,< 100 DM,4 - 7 años,2,Hombre: soltero,Ninguno,1,Auto u otro,24,Ninguno,Propia,2,Empleado calificado / oficial,1,Sí,Sí,Mal Pagador
0 - 200 DM,24,Créditos existentes pagados hasta ahora,Auto (usado),4113,500 - 1000 DM,< 1 año,3,Mujer: divorciada/separada/casada,Ninguno,4,Auto u otro,28,Ninguno,Alquiler,1,Empleado calificado / oficial,1,No,Sí,Mal Pagador
Sin cuenta,36,Créditos existentes pagados hasta ahora,Muebles/Equipo,10974,< 100 DM,Desempleado,4,Mujer: divorciada/separada/casada,Ninguno,2,Auto u otro,26,Ninguno,Propia,2,Gerencia / Autoempleado / Altamente calificado,1,Sí,Sí,Mal Pagador
< 0 DM,12,Créditos existentes pagados hasta ahora,Auto (nuevo),1893,< 100 DM,1 - 4 años,4,Mujer: divorciada/separada/casada,Garante,4,Seguro de vida / Ahorro para vivienda,29,Ninguno,Propia,1,Empleado calificado / oficial,1,Sí,Sí,Buen Pagador
< 0 DM,24,Cuenta crítica / Otros créditos,Radio/TV,1231,>= 1000 DM,>= 7 años,4,Mujer: divorciada/separada/casada,Ninguno,4,Seguro de vida / Ahorro para vivienda,57,Ninguno,Alquiler,2,Gerencia / Autoempleado / Altamente calificado,1,Sí,Sí,Buen Pagador
>= 200 DM,30,Cuenta crítica / Otros créditos,Radio/TV,3656,Desconocido / Sin ahorros,>= 7 años,4,Hombre: soltero,Ninguno,4,Seguro de vida / Ahorro para vivienda,49,Tiendas,Propia,2,No calificado - residente,1,No,Sí,Buen Pagador
0 - 200 DM,9,Cuenta crítica / Otros créditos,Radio/TV,1154,< 100 DM,>= 7 años,2,Hombre: soltero,Ninguno,4,Bienes raíces,37,Ninguno,Propia,3,No calificado - residente,1,No,Sí,Buen Pagador
< 0 DM,28,Créditos existentes pagados hasta ahora,Auto (nuevo),4006,< 100 DM,1 - 4 años,3,Hombre: soltero,Ninguno,2,Auto u otro,45,Ninguno,Propia,1,No calificado - residente,1,No,Sí,Mal Pagador
0 - 200 DM,24,Créditos existentes pagados hasta ahora,Muebles/Equipo,3069,100 - 500 DM,>= 7 años,4,Hombre: soltero,Ninguno,4,Desconocido / Sin propiedad,30,Ninguno,Gratis,1,Empleado calificado / oficial,1,No,Sí,Buen Pagador
Sin cuenta,6,Cuenta crítica / Otros créditos,Radio/TV,1740,< 100 DM,>= 7 años,2,Hombre: casado/viudo,Ninguno,2,Bienes raíces,30,Ninguno,Alquiler,2,Empleado calificado / oficial,1,No,Sí,Buen Pagador
0 - 200 DM,21,Retraso en pagos en el pasado,Auto (nuevo),2353,< 100 DM,1 - 4 años,1,Hombre: divorciado/separado,Ninguno,4,Seguro de vida / Ahorro para vivienda,47,Ninguno,Propia,2,Empleado calificado / oficial,1,No,Sí,Buen Pagador
Sin cuenta,15,Créditos existentes pagados hasta ahora,Auto (nuevo),3556,Desconocido / Sin ahorros,1 - 4 años,3,Hombre: soltero,Ninguno,2,Desconocido / Sin propiedad,29,Ninguno,Propia,1,Empleado calificado / oficial,1,No,Sí,Buen Pagador
Sin cuenta,24,Créditos existentes pagados hasta ahora,Radio/TV,2397,500 - 1000 DM,>= 7 años,3,Hombre: soltero,Ninguno,2,Auto u otro,35,Banco,Propia,2,Empleado calificado / oficial,1,Sí,Sí,Mal Pagador
0 - 200 DM,6,Créditos existentes pagados hasta ahora,Reparaciones,454,< 100 DM,< 1 año,3,Hombre: casado/viudo,Ninguno,1,Seguro de vida / Ahorro para vivienda,22,Ninguno,Propia,1,No calificado - residente,1,No,Sí,Buen Pagador
0 - 200 DM,30,Créditos existentes pagados hasta ahora,Radio/TV,1715,Desconocido / Sin ahorros,1 - 4 años,4,Mujer: divorciada/separada/casada,Ninguno,1,Auto u otro,26,Ninguno,Propia,1,Empleado calificado / oficial,1,No,Sí,Buen Pagador
0 - 200 DM,27,Cuenta crítica / Otros créditos,Radio/TV,2520,500 - 1000 DM,1 - 4 años,4,Hombre: soltero,Ninguno,2,Seguro de vida / Ahorro para vivienda,23,Ninguno,Propia,2,No calificado - residente,1,No,Sí,Mal Pagador
Sin cuenta,15,Créditos existentes pagados hasta ahora,Radio/TV,3568,< 100 DM,>= 7 años,4,Mujer: divorciada/separada/casada,Ninguno,2,Auto u otro,54,Banco,Alquiler,1,Gerencia / Autoempleado / Altamente calificado,1,Sí,Sí,Buen Pagador
Sin cuenta,42,Créditos existentes pagados hasta ahora,Radio/TV,7166,Desconocido / Sin ahorros,4 - 7 años,2,Hombre: casado/viudo,Ninguno,4,Seguro de vida / Ahorro para vivienda,29,Ninguno,Alquiler,1,Empleado calificado / oficial,1,Sí,Sí,Buen Pagador
< 0 DM,11,Cuenta crítica / Otros créditos,Auto (nuevo),3939,< 100 DM,1 - 4 años,1,Hombre: soltero,Ninguno,2,Bienes raíces,40,Ninguno,Propia,2,No calificado - residente,2,No,Sí,Buen Pagador
0 - 200 DM,15,Créditos existentes pagados hasta ahora,Reparaciones,1514,100 - 500 DM,1 - 4 años,4,Hombre: soltero,Garante,2,Bienes raíces,22,Ninguno,Propia,1,Empleado calificado / oficial,1,No,Sí,Buen Pagador
Sin cuenta,24,Créditos existentes pagados hasta ahora,Auto (nuevo),7393,< 100 DM,1 - 4 años,1,Hombre: soltero,Ninguno,4,Seguro de vida / Ahorro para vivienda,43,Ninguno,Propia,1,No calificado - residente,2,No,Sí,Buen Pagador
< 0 DM,24,Todos los créditos en este banco pagados,Auto (nuevo),1193,< 100 DM,Desempleado,1,Mujer: divorciada/separada/casada,Co-solicitante,4,Desconocido / Sin propiedad,29,Ninguno,Alquiler,2,No calificado - no residente,1,No,Sí,Mal Pagador
< 0 DM,60,Créditos existentes pagados hasta ahora,Negocios,7297,< 100 DM,>= 7 años,4,Hombre: soltero,Co-solicitante,4,Desconocido / Sin propiedad,36,Ninguno,Alquiler,1,Empleado calificado / oficial,1,No,Sí,Mal Pagador
Sin cuenta,30,Cuenta crítica / Otros créditos,Radio/TV,2831,< 100 DM,1 - 4 años,4,Mujer: divorciada/separada/casada,Ninguno,2,Auto u otro,33,Ninguno,Propia,1,Empleado calificado / oficial,1,Sí,Sí,Buen Pagador
>= 200 DM,24,Créditos existentes pagados hasta ahora,Radio/TV,1258,500 - 1000 DM,1 - 4 años,3,Mujer: divorciada/separada/casada,Ninguno,3,Auto u otro,57,Ninguno,Propia,1,No calificado - residente,1,No,Sí,Buen Pagador
0 - 200 DM,6,Créditos existentes pagados hasta ahora,Radio/TV,753,< 100 DM,1 - 4 años,2,Mujer: divorciada/separada/casada,Garante,3,Bienes raíces,64,Ninguno,Propia,1,Empleado calificado / oficial,1,No,Sí,Buen Pagador
0 - 200 DM,18,Retraso en pagos en el pasado,Negocios,2427,Desconocido / Sin ahorros,>= 7 años,4,Hombre: soltero,Ninguno,2,Seguro de vida / Ahorro para vivienda,42,Ninguno,Propia,2,Empleado calificado / oficial,1,No,Sí,Buen Pagador
Sin cuenta,24,Retraso en pagos en el pasado,Auto (nuevo),2538,< 100 DM,>= 7 años,4,Hombre: soltero,Ninguno,4,Auto u otro,47,Ninguno,Propia,2,No calificado - residente,2,No,Sí,Mal Pagador
0 - 200 DM,15,Todos los créditos en este banco pagados,Auto (nuevo),1264,100 - 500 DM,1 - 4 años,2,Hombre: casado/viudo,Ninguno,2,Seguro de vida / Ahorro para vivienda,25,Ninguno,Alquiler,1,Empleado calificado / oficial,1,No,Sí,Mal Pagador
0 - 200 DM,30,Cuenta crítica / Otros créditos,Muebles/Equipo,8386,< 100 DM,4 - 7 años,2,Hombre: soltero,Ninguno,2,Seguro de vida / Ahorro para vivienda,49,Ninguno,Propia,1,Empleado calificado / oficial,1,No,Sí,Mal Pagador
Sin cuenta,48,Créditos existentes pagados hasta ahora,Negocios,4844,< 100 DM,Desempleado,3,Hombre: soltero,Ninguno,2,Auto u otro,33,Banco,Alquiler,1,Gerencia / Autoempleado / Altamente calificado,1,Sí,Sí,Mal Pagador
>= 200 DM,21,Créditos existentes pagados hasta ahora,Auto (nuevo),2923,100 - 500 DM,1 - 4 años,1,Mujer: divorciada/separada/casada,Ninguno,1,Auto u otro,28,Banco,Propia,1,Gerencia / Autoempleado / Altamente calificado,1,Sí,Sí,Buen Pagador
< 0 DM,36,Créditos existentes pagados hasta ahora,Auto (usado),8229,< 100 DM,1 - 4 años,2,Hombre: soltero,Ninguno,2,Seguro de vida / Ahorro para vivienda,26,Ninguno,Propia,1,Empleado calificado / oficial,2,No,Sí,Mal Pagador
Sin cuenta,24,Cuenta crítica / Otros créditos,Muebles/Equipo,2028,< 100 DM,4 - 7 años,2,Hombre: soltero,Ninguno,2,Seguro de vida / Ahorro para vivienda,30,Ninguno,Propia,2,No calificado - residente,1,No,Sí,Buen Pagador
< 0 DM,15,Cuenta crítica / Otros créditos,Muebles/Equipo,1433,< 100 DM,1 - 4 años,4,Mujer: divorciada/separada/casada,Ninguno,3,Seguro de vida / Ahorro para vivienda,25,Ninguno,Alquiler,2,Empleado calificado / oficial,1,No,Sí,Buen Pagador
>= 200 DM,42,Sin créditos / Todos pagados,Negocios,6289,< 100 DM,< 1 año,2,Hombre: divorciado/separado,Ninguno,1,Seguro de vida / Ahorro para vivienda,33,Ninguno,Propia,2,Empleado calificado / oficial,1,No,Sí,Buen Pagador
Sin cuenta,13,Créditos existentes pagados hasta ahora,Radio/TV,1409,100 - 500 DM,Desempleado,2,Mujer: divorciada/separada/casada,Ninguno,4,Bienes raíces,64,Ninguno,Propia,1,Empleado calificado / oficial,1,No,Sí,Buen Pagador
< 0 DM,24,Créditos existentes pagados hasta ahora,Auto (usado),6579,< 100 DM,Desempleado,4,Hombre: soltero,Ninguno,2,Desconocido / Sin propiedad,29,Ninguno,Gratis,1,Gerencia / Autoempleado / Altamente calificado,1,Sí,Sí,Buen Pagador
0 - 200 DM,24,Cuenta crítica / Otros créditos,Radio/TV,1743,< 100 DM,>= 7 años,4,Hombre: soltero,Ninguno,2,Seguro de vida / Ahorro para vivienda,48,Ninguno,Propia,2,No calificado - residente,1,No,Sí,Buen Pagador
Sin cuenta,12,Cuenta crítica / Otros créditos,Educación,3565,Desconocido / Sin ahorros,< 1 año,2,Hombre: soltero,Ninguno,1,Seguro de vida / Ahorro para vivienda,37,Ninguno,Propia,2,No calificado - residente,2,No,Sí,Buen Pagador
Sin cuenta,15,Todos los créditos en este banco pagados,Radio/TV,1569,100 - 500 DM,>= 7 años,4,Hombre: soltero,Ninguno,4,Auto u otro,34,Banco,Propia,1,No calificado - residente,2,No,Sí,Buen Pagador
< 0 DM,18,Créditos existentes pagados hasta ahora,Radio/TV,1936,Desconocido / Sin ahorros,4 - 7 años,2,Hombre: casado/viudo,Ninguno,4,Auto u otro,23,Ninguno,Alquiler,2,No calificado - residente,1,No,Sí,Buen Pagador
< 0 DM,36,Créditos existentes pagados hasta ahora,Muebles/Equipo,3959,< 100 DM,Desempleado,4,Hombre: soltero,Ninguno,3,Seguro de vida / Ahorro para vivienda,30,Ninguno,Propia,1,Gerencia / Autoempleado / Altamente calificado,1,Sí,Sí,Buen Pagador
Sin cuenta,12,Créditos existentes pagados hasta ahora,Auto (nuevo),2390,Desconocido / Sin ahorros,>= 7 años,4,Hombre: soltero,Ninguno,3,Auto u otro,50,Ninguno,Propia,1,Empleado calificado / oficial,1,Sí,Sí,Buen Pagador
Sin cuenta,12,Créditos existentes pagados hasta ahora,Muebles/Equipo,1736,< 100 DM,4 - 7 años,3,Mujer: divorciada/separada/casada,Ninguno,4,Bienes raíces,31,Ninguno,Propia,1,No calificado - residente,1,No,Sí,Buen Pagador
< 0 DM,30,Créditos existentes pagados hasta ahora,Auto (usado),3857,< 100 DM,1 - 4 años,4,Hombre: divorciado/separado,Ninguno,4,Seguro de vida / Ahorro para vivienda,40,Ninguno,Propia,1,Gerencia / Autoempleado / Altamente calificado,1,Sí,Sí,Buen Pagador
Sin cuenta,12,Créditos existentes pagados hasta ahora,Radio/TV,804,< 100 DM,>= 7 años,4,Hombre: soltero,Ninguno,4,Auto u otro,38,Ninguno,Propia,1,Empleado calificado / oficial,1,No,Sí,Buen Pagador
< 0 DM,45,Créditos existentes pagados hasta ahora,Radio/TV,1845,< 100 DM,1 - 4 años,4,Hombre: soltero,Ninguno,4,Desconocido / Sin propiedad,23,Ninguno,Gratis,1,Empleado calificado / oficial,1,Sí,Sí,Mal Pagador
0 - 200 DM,45,Cuenta crítica / Otros créditos,Auto (usado),4576,100 - 500 DM,Desempleado,3,Hombre: soltero,Ninguno,4,Auto u otro,27,Ninguno,Propia,1,Empleado calificado / oficial,1,No,Sí,Buen Pagador
